WORD,,AOA,,   FAM,,IMAG,,CONC,,Adult WrtFQ,,Child Written,,,Adult,,,,Lexical,PHON:,PHON:,,VOICE,MANNER,,,,,PLACE,,,,,,VOWEL,,,
Italian,English,mean,sd,mean,sd,mean,sd,mean,sd,ILC,CoLFIS,TotFQ,CompFQ,ProdFQ,SpkFQ,NSIZE,BIGR,SYL,LET,Stress,VOICE,MANN,voiced,stop,nasal,fricative,affricate,liquid,bilabial,labiodental,dental,alveolar,palatal,velar,vowel,RT,,
ABETE,fir tree,3.41,1.04,5.41,1.57,6.05,1.16,4.59,2.61,3,29,31,22,9,5,2,10.74,3,5,p,voiced,vowel,1,0,0,0,0,0,0,0,0,0,0,0,1,508,,
ABISSO,abyss,5.20,1.29,4.98,1.53,3.84,2.24,4.77,2.12,29,24,17,13,4,1,0,10.65,3,6,p,voiced,vowel,1,0,0,0,0,0,0,0,0,0,0,0,1,489,,
ACCIAIO,steel,4.45,0.95,6.20,1.15,4.80,1.84,5.02,1.86,22,80,21,17,4,3,0,10.85,3,7,p,voiced,vowel,1,0,0,0,0,0,0,0,0,0,0,0,1,501,,
ACETO,vinegar,3.32,1.09,6.36,1.06,5.61,1.62,6.57,0.82,14,25,7,3,4,0,0,11.04,3,5,p,voiced,vowel,1,0,0,0,0,0,0,0,0,0,0,0,1,487,,
ACQUA,water,1.27,0.50,6.98,0.15,6.39,1.10,6.20,1.30,756,960,1122,593,529,80,0,10.39,2,5,p,voiced,vowel,1,0,0,0,0,0,0,0,0,0,0,0,1,477,,
AGGUATO,ambush,5.57,1.30,5.30,1.37,3.43,1.85,3.50,1.96,33,62,11,10,1,2,0,10.62,3,7,p,voiced,vowel,1,0,0,0,0,0,0,0,0,0,0,0,1,518,,
AGIO,comfort,5.82,1.19,4.93,2.02,2.57,1.84,3.91,2.29,5,55,10,4,6,0,0,11.09,2,4,p,voiced,vowel,1,0,0,0,0,0,0,0,0,0,0,0,1,510,,
AGONIA,agony,5.80,1.13,4.98,1.80,3.16,1.84,4.16,2.38,21,29,0,0,0,0,0,10.89,4,6,p,voiced,vowel,1,0,0,0,0,0,0,0,0,0,0,0,1,490,,
ALBERGO,hotel,3.70,0.90,6.75,0.49,5.66,1.27,6.55,1.11,141,202,66,25,43,21,0,10.14,3,7,p,voiced,vowel,1,0,0,0,0,0,0,0,0,0,0,0,1,494,,
ALBICOCCA,apricot,2.59,0.84,6.43,1.11,6.43,1.02,6.84,0.48,2,7,0,0,0,1,1,10.47,4,9,p,voiced,vowel,1,0,0,0,0,0,0,0,0,0,0,0,1,614,,
ALLUCE,big toe,4.02,1.39,4.95,1.74,5.57,1.78,4.93,2.37,3,6,0,0,0,1,0,10.71,3,6,ap,voiced,vowel,1,0,0,0,0,0,0,0,0,0,0,0,1,491,,
ALLUVIONE,flood,5.05,1.38,5.66,1.45,4.84,1.70,5.43,1.78,3,19,0,0,0,0,0,10.58,4,9,p,voiced,vowel,1,0,0,0,0,0,0,0,0,0,0,0,1,531,,
ALTARE,altar,3.68,0.86,6.02,1.32,5.48,1.69,6.14,1.34,45,46,13,11,2,4,0,11.36,3,6,p,voiced,vowel,1,0,0,0,0,0,0,0,0,0,0,0,1,518,,
ALUNNO,pupil,3.07,0.66,6.59,0.82,5.41,1.70,3.59,2.07,10,3,90,30,60,3,0,10.96,3,6,p,voiced,vowel,1,0,0,0,0,0,0,0,0,0,0,0,1,502,,
AMNISTIA,amnesty,6.18,1.06,3.41,1.81,1.89,1.47,4.23,2.29,12,7,0,0,0,11,0,10.24,4,8,p,voiced,vowel,1,0,0,0,0,0,0,0,0,0,0,0,1,575,,
ANATRA,duck,3.27,1.00,5.68,1.36,5.64,1.75,6.84,0.43,3,5,39,28,11,1,0,11.38,3,6,ap,voiced,vowel,1,0,0,0,0,0,0,0,0,0,0,0,1,519,,
ANGOLO,corner,3.52,0.90,6.16,1.16,4.43,2.03,5.25,1.70,93,244,173,141,32,12,1,10.73,3,6,ap,voiced,vowel,1,0,0,0,0,0,0,0,0,0,0,0,1,485,,
ANGOSCIA,anguish,5.68,1.14,5.55,1.41,3.16,1.87,3.34,1.93,58,111,10,8,2,2,0,10.72,3,8,p,voiced,vowel,1,0,0,0,0,0,0,0,0,0,0,0,1,529,,
ANGUILLA,eel,3.86,1.27,5.30,1.61,5.23,1.84,6.80,0.67,18,6,14,14,0,0,0,10.78,3,8,p,voiced,vowel,1,0,0,0,0,0,0,0,0,0,0,0,1,511,,
ANNO,year,2.45,1.11,6.95,0.21,3.70,2.15,4.91,2.33,807,2424,1950,765,1185,293,2,11.37,2,4,p,voiced,vowel,1,0,0,0,0,0,0,0,0,0,0,0,1,482,,
ANTENNA,aerial,3.48,1.19,6.27,1.13,5.55,1.73,6.50,1.11,11,17,25,14,11,47,0,11.22,3,7,p,voiced,vowel,1,0,0,0,0,0,0,0,0,0,0,0,1,496,,
AQUILA,eagle,2.91,0.83,6.55,1.04,6.07,1.11,6.91,0.29,33,30,44,27,17,1,0,10.16,3,6,ap,voiced,vowel,1,0,0,0,0,0,0,0,0,0,0,0,1,501,,
ARAGOSTA,lobster,4.73,1.25,5.70,1.50,5.55,1.68,6.14,1.27,2,6,0,0,0,0,0,10.94,4,8,p,voiced,vowel,1,0,0,0,0,0,0,0,0,0,0,0,1,513,,
ARGENTO,silver,3.45,0.79,6.36,1.20,5.18,1.85,5.41,1.59,117,113,73,54,19,25,0,10.87,3,7,p,voiced,vowel,1,0,0,0,0,0,0,0,0,0,0,0,1,504,,
ARIA,air,2.39,0.72,6.77,0.60,3.95,2.13,5.23,2.21,595,769,584,250,334,45,2,11.58,2,4,p,voiced,vowel,1,0,0,0,0,0,0,0,0,0,0,0,1,495,,
ARNESE,tool,4.91,1.51,5.09,1.60,3.89,1.83,6.02,1.52,7,4,17,13,4,0,0,11.09,3,6,p,voiced,vowel,1,0,0,0,0,0,0,0,0,0,0,0,1,487,,
ARSENALE,arsenal,6.16,1.26,4.16,1.75,3.55,1.89,5.07,1.81,2,22,0,0,0,1,0,11.13,4,8,p,voiced,vowel,1,0,0,0,0,0,0,0,0,0,0,0,1,511,,
ARTE,art,4.23,1.14,6.07,1.35,3.84,1.83,4.61,2.64,188,575,49,39,10,46,1,11.37,2,4,p,voiced,vowel,1,0,0,0,0,0,0,0,0,0,0,0,1,493,,
ASFALTO,asphalt,3.86,1.05,5.95,1.38,5.73,1.60,5.73,1.86,17,53,13,7,6,0,0,10.54,3,7,p,voiced,vowel,1,0,0,0,0,0,0,0,0,0,0,0,1,541,,
ASMA,asthma,5.23,1.41,4.93,1.86,3.64,1.93,5.70,1.76,4,24,0,0,0,3,2,10.58,2,4,p,voiced,vowel,1,0,0,0,0,0,0,0,0,0,0,0,1,497,,
ATLETA,athlete,4.34,0.94,6.50,0.82,5.25,1.54,6.32,1.14,14,40,14,14,0,2,0,10.44,3,6,p,voiced,vowel,1,0,0,0,0,0,0,0,0,0,0,0,1,532,,
ATRIO,foyer,5.18,1.45,4.68,1.68,4.59,1.82,6.02,1.19,5,21,11,10,1,0,0,11.38,2,5,p,voiced,vowel,1,0,0,0,0,0,0,0,0,0,0,0,1,529,,
AULA,classroom,3.20,0.90,6.36,1.08,5.77,1.52,5.93,1.37,17,197,158,29,129,9,3,10.71,2,4,p,voiced,vowel,1,0,0,0,0,0,0,0,0,0,0,0,1,500,,
AUTUNNO,autumn,2.77,0.86,6.66,0.86,4.64,1.95,4.70,2.15,126,140,143,42,101,3,0,10.57,3,7,p,voiced,vowel,1,0,0,0,0,0,0,0,0,0,0,0,1,480,,
BACO,worm,4.23,1.24,4.11,1.69,4.41,1.70,5.23,1.87,15,5,12,2,10,1,1,10.72,2,4,p,voiced,stop,1,1,0,0,0,0,1,0,0,0,0,0,0,522,,
BALCONE,balcony,2.86,1.00,6.73,0.87,5.98,1.49,4.93,2.14,42,39,65,21,44,0,2,10.74,3,7,p,voiced,stop,1,1,0,0,0,0,1,0,0,0,0,0,0,518,,
BANANA,banana,1.98,0.95,6.91,0.36,6.55,0.93,6.84,0.53,4,15,29,15,14,0,1,10.96,3,6,p,voiced,stop,1,1,0,0,0,0,1,0,0,0,0,0,0,545,,
BARBA,beard,2.75,1.10,6.70,0.51,6.18,1.15,6.84,0.43,106,79,70,48,22,4,2,10.10,2,5,p,voiced,stop,1,1,0,0,0,0,1,0,0,0,0,0,0,515,,
BASILICO,basil,3.75,1.10,6.09,1.24,6.07,1.30,6.50,1.25,8,23,0,0,0,2,1,10.77,4,8,ap,voiced,stop,1,1,0,0,0,0,1,0,0,0,0,0,0,530,,
BASTONE,stick,2.55,0.66,6.77,0.64,6.21,1.23,5.98,1.45,44,38,52,24,28,5,0,10.92,3,7,p,voiced,stop,1,1,0,0,0,0,1,0,0,0,0,0,0,507,,
BATTELLO,boat,4.36,1.35,5.66,1.66,5.00,1.74,6.18,1.32,5,24,28,22,6,0,0,10.87,3,8,p,voiced,stop,1,1,0,0,0,0,1,0,0,0,0,0,0,539,,
BATTESIMO,baptism,3.57,1.23,6.07,1.44,4.75,2.04,5.23,2.07,52,32,8,3,5,5,0,10.73,4,9,ap,voiced,stop,1,1,0,0,0,0,1,0,0,0,0,0,0,547,,
BATUFFOLO,cotton flock,4.20,1.50,5.30,1.46,5.39,1.60,6.50,1.07,1,4,12,3,9,0,0,9.95,4,9,ap,voiced,stop,1,1,0,0,0,0,1,0,0,0,0,0,0,575,,
BAVA,froth,3.55,1.27,5.48,1.70,4.86,1.64,4.64,2.04,8,3,0,0,0,1,5,10.69,2,4,p,voiced,stop,1,1,0,0,0,0,1,0,0,0,0,0,0,547,,
BEFANA,"""befana""",1.93,0.66,6.59,0.66,5.25,1.86,4.66,2.27,2,22,27,13,14,0,0,10.34,3,6,p,voiced,stop,1,1,0,0,0,0,1,0,0,0,0,0,0,502,,
BELVA,wild beast,4.30,1.15,5.93,1.42,4.68,1.60,5.75,1.56,8,12,14,11,3,0,3,10.26,2,5,p,voiced,stop,1,1,0,0,0,0,1,0,0,0,0,0,0,521,,
BERSAGLIO,target,4.48,1.02,6.05,1.22,5.02,1.81,3.82,1.79,12,65,11,9,2,2,0,10.56,3,9,p,voiced,stop,1,1,0,0,0,0,1,0,0,0,0,0,0,542,,
BESTIA,beast,3.27,1.04,6.55,0.85,4.36,1.81,5.32,1.74,94,47,81,52,29,4,0,10.09,2,6,p,voiced,stop,1,1,0,0,0,0,1,0,0,0,0,0,0,514,,
BIBITA,drink,3.59,0.92,6.68,0.64,5.89,1.24,4.68,2.12,5,3,23,4,19,1,0,10.32,3,6,ap,voiced,stop,1,1,0,0,0,0,1,0,0,0,0,0,0,534,,
BICCHIERE,glass,1.89,0.65,6.98,0.15,6.32,1.41,6.80,0.51,115,111,87,47,40,1,0,10.76,3,9,p,voiced,stop,1,1,0,0,0,0,1,0,0,0,0,0,0,559,,
BIGLIETTO,ticket,3.36,0.99,6.75,0.69,5.80,1.34,6.45,0.90,56,101,114,55,59,28,0,10.55,3,9,p,voiced,stop,1,1,0,0,0,0,1,0,0,0,0,0,0,546,,
BISCIA,grass snake,3.77,1.18,4.73,1.80,5.18,1.88,6.82,0.54,3,4,0,0,0,0,2,10.68,2,6,p,voiced,stop,1,1,0,0,0,0,1,0,0,0,0,0,0,537,,
BISTECCA,steak,3.16,1.10,6.55,1.07,6.39,0.95,6.57,0.93,2,6,19,12,7,2,0,10.61,3,8,p,voiced,stop,1,1,0,0,0,0,1,0,0,0,0,0,0,523,,
BOCCA,mouth,1.59,0.69,6.86,0.46,6.65,0.72,6.86,0.41,472,335,369,138,231,7,3,10.32,2,5,p,voiced,stop,1,1,0,0,0,0,1,0,0,0,0,0,0,483,,
BOIA,hang-man,5.30,1.15,4.93,1.86,4.50,1.96,5.91,1.61,13,22,0,0,0,2,2,10.34,2,4,p,voiced,stop,1,1,0,0,0,0,1,0,0,0,0,0,0,504,,
BOMBA,bomb,3.50,1.27,6.61,0.78,5.25,1.84,5.59,1.74,39,128,52,33,19,8,1,10.00,2,5,p,voiced,stop,1,1,0,0,0,0,1,0,0,0,0,0,0,512,,
BOSSOLO,bullet,5.68,1.31,3.93,1.76,4.25,2.15,6.45,1.02,1,4,0,0,0,1,0,10.53,3,7,ap,voiced,stop,1,1,0,0,0,0,1,0,0,0,0,0,0,581,,
BRANDELLO,shred,5.57,1.25,4.07,1.59,4.30,1.68,4.68,1.86,3,6,0,0,0,0,0,10.88,3,9,p,voiced,stop,1,1,0,0,0,0,1,0,0,0,0,0,0,542,,
BRIVIDO,shiver,3.75,1.22,5.91,1.51,4.11,2.10,5.14,2.14,44,60,17,13,4,1,0,10.34,3,7,ap,voiced,stop,1,1,0,0,0,0,1,0,0,0,0,0,0,527,,
BRODO,broth,2.25,1.08,6.36,0.97,5.41,1.48,5.59,1.70,34,55,12,9,3,2,1,10.29,2,5,p,voiced,stop,1,1,0,0,0,0,1,0,0,0,0,0,0,503,,
BUCCIA,peel,2.82,0.84,6.23,1.36,5.48,1.53,6.59,0.90,8,20,19,13,6,0,2,10.22,2,6,p,voiced,stop,1,1,0,0,0,0,1,0,0,0,0,0,0,516,,
BUFERA,storm,4.23,1.01,5.95,1.36,4.73,1.83,4.32,1.88,15,32,9,7,2,0,0,10.05,3,6,p,voiced,stop,1,1,0,0,0,0,1,0,0,0,0,0,0,542,,
BUGIA,lie,2.27,0.97,6.59,0.79,3.00,2.03,2.93,1.86,24,24,31,16,15,0,0,10.11,3,5,p,voiced,stop,1,1,0,0,0,0,1,0,0,0,0,0,0,510,,
BURRASCA,tempest,4.89,1.13,5.18,1.39,4.43,1.86,4.52,1.84,16,10,8,5,3,0,0,10.29,3,8,p,voiced,stop,1,1,0,0,0,0,1,0,0,0,0,0,0,534,,
BURRO,butter,2.82,1.06,6.82,0.50,6.07,1.30,5.14,2.28,11,91,24,21,3,2,0,10.16,2,5,p,voiced,stop,1,1,0,0,0,0,1,0,0,0,0,0,0,531,,
BUSSOLA,compass,4.18,0.99,5.68,1.25,5.64,1.51,6.45,1.11,15,16,9,8,1,0,0,10.45,3,7,ap,voiced,stop,1,1,0,0,0,0,1,0,0,0,0,0,0,534,,
CADAVERE,corpse,4.82,1.11,6.34,1.01,5.41,1.56,4.93,2.25,46,136,0,0,0,2,0,11.10,4,8,ap,voiceless,stop,0,1,0,0,0,0,0,0,0,0,0,1,0,537,,
CALAMITA,magnet,3.80,1.05,5.77,1.57,5.52,1.62,6.41,0.82,2,9,0,0,0,1,1,11.15,4,8,p,voiceless,stop,0,1,0,0,0,0,0,0,0,0,0,1,0,562,,
CALCAGNO,heel,5.02,1.41,4.36,1.87,5.18,1.85,6.55,0.98,3,5,0,0,0,0,0,10.70,3,8,p,voiceless,stop,0,1,0,0,0,0,0,0,0,0,0,1,0,564,,
CALVARIO,ordeal,5.36,1.38,4.32,1.84,3.02,1.85,4.52,2.43,13,25,0,0,0,1,0,10.88,3,8,p,voiceless,stop,0,1,0,0,0,0,0,0,0,0,0,1,0,529,,
CAMINO,fireplace,2.89,0.84,6.36,0.94,6.25,1.16,6.64,0.72,22,27,57,29,28,0,5,11.25,3,6,p,voiceless,stop,0,1,0,0,0,0,0,0,0,0,0,1,0,530,,
CAMMELLO,camel,3.16,1.08,6.16,1.36,5.93,1.47,5.89,1.77,9,12,10,8,2,0,0,10.86,3,8,p,voiceless,stop,0,1,0,0,0,0,0,0,0,0,0,1,0,537,,
CAMOMILLA,camomile,2.80,1.02,6.64,0.72,5.70,1.52,5.48,1.70,3,6,0,0,0,0,0,11.00,4,9,p,voiceless,stop,0,1,0,0,0,0,0,0,0,0,0,1,0,552,,
CANAPA,hemp,5.30,1.29,4.36,1.94,3.82,1.87,6.64,0.89,14,1,0,0,0,0,0,11.06,3,6,ap,voiceless,stop,0,1,0,0,0,0,0,0,0,0,0,1,0,550,,
CANDELA,candle,2.93,0.70,6.59,0.87,6.30,0.95,6.80,0.46,35,43,49,23,26,1,0,11.35,3,7,p,voiceless,stop,0,1,0,0,0,0,0,0,0,0,0,1,0,534,,
CANE,dog,1.66,0.68,6.98,0.15,6.57,1.07,7.00,0.00,177,174,1350,290,1060,39,1,11.55,2,4,p,voiceless,stop,0,1,0,0,0,0,0,0,0,0,0,1,0,496,,
CANGURO,kangaroo,2.93,0.87,6.11,1.45,6.20,1.11,4.80,2.58,4,8,14,5,9,0,0,10.69,3,7,p,voiceless,stop,0,1,0,0,0,0,0,0,0,0,0,1,0,542,,
CANTIERE,building site,5.07,1.25,6.02,0.82,4.57,1.87,3.98,2.23,15,65,7,4,3,25,0,11.37,3,8,p,voiceless,stop,0,1,0,0,0,0,0,0,0,0,0,1,0,544,,
CANZONE,song,2.50,0.90,6.86,0.51,5.02,1.84,5.52,1.72,64,171,178,92,86,30,1,10.88,3,7,p,voiceless,stop,0,1,0,0,0,0,0,0,0,0,0,1,0,506,,
CAPARRA,deposit,6.32,1.14,4.23,1.85,2.61,1.56,3.14,1.76,3,17,0,0,0,0,0,10.89,3,7,p,voiceless,stop,0,1,0,0,0,0,0,0,0,0,0,1,0,595,,
CAPRA,goat,2.86,0.80,6.27,1.28,5.80,1.50,6.41,1.26,18,28,58,20,38,10,1,11.10,2,5,p,voiceless,stop,0,1,0,0,0,0,0,0,0,0,0,1,0,517,,
CAPRICCIO,whim,2.68,1.34,5.68,1.41,3.27,1.85,4.39,2.41,20,22,16,3,13,4,0,10.87,3,9,p,voiceless,stop,0,1,0,0,0,0,0,0,0,0,0,1,0,539,,
CARAMELLA,candy,1.52,0.59,6.93,0.25,6.48,0.90,6.80,0.55,3,7,103,22,81,2,1,11.24,4,9,p,voiceless,stop,0,1,0,0,0,0,0,0,0,0,0,1,0,532,,
CARATTERE,character,3.98,1.07,6.00,1.56,2.82,1.79,3.00,1.80,89,271,281,43,238,35,0,11.41,4,9,ap,voiceless,stop,0,1,0,0,0,0,0,0,0,0,0,1,0,578,,
CARCASSA,carcass,5.61,1.17,4.82,1.79,3.77,1.72,5.39,1.67,4,4,0,0,0,1,0,10.88,3,8,p,voiceless,stop,0,1,0,0,0,0,0,0,0,0,0,1,0,514,,
CARCERE,prison,3.86,1.29,6.70,0.70,5.84,1.35,6.25,1.26,193,385,9,3,6,53,0,11.18,3,7,ap,voiceless,stop,0,1,0,0,0,0,0,0,0,0,0,1,0,556,,
CARCIOFO,artichoke,3.27,0.97,6.36,0.94,6.32,1.12,5.05,2.33,1,6,0,0,0,2,0,10.53,3,8,p,voiceless,stop,0,1,0,0,0,0,0,0,0,0,0,1,0,545,,
CARNEVALE,carnival,2.48,0.59,6.75,0.49,5.25,1.82,5.25,2.01,17,79,310,18,292,4,0,10.97,4,9,p,voiceless,stop,0,1,0,0,0,0,0,0,0,0,0,1,0,575,,
CAROSELLO,carousel,4.30,1.71,4.25,1.99,3.27,1.92,5.61,1.79,8,5,0,0,0,1,0,11.13,4,9,p,voiceless,stop,0,1,0,0,0,0,0,0,0,0,0,1,0,578,,
CAROTA,carrot,2.34,0.75,6.61,0.87,6.39,1.02,6.84,0.57,3,21,38,17,21,2,0,11.19,3,6,p,voiceless,stop,0,1,0,0,0,0,0,0,0,0,0,1,0,527,,
CARRIERA,career,5.50,1.30,6.00,1.56,3.32,2.01,3.95,2.29,61,339,24,21,3,14,2,11.14,3,8,p,voiceless,stop,0,1,0,0,0,0,0,0,0,0,0,1,0,537,,
CASA,house,1.66,0.61,7.00,0.00,6.44,0.96,6.48,1.11,2253,2737,3584,873,2711,471,5,11.21,2,4,p,voiceless,stop,0,1,0,0,0,0,0,0,0,0,0,1,0,505,,
CASTAGNA,chestnut,2.77,0.80,6.50,0.85,6.39,0.99,6.61,0.99,15,33,40,9,31,1,0,10.86,3,8,p,voiceless,stop,0,1,0,0,0,0,0,0,0,0,0,1,0,508,,
CASTELLO,castle,2.52,0.76,6.61,0.87,6.14,1.29,5.86,1.56,93,146,223,90,133,6,3,11.13,3,8,p,voiceless,stop,0,1,0,0,0,0,0,0,0,0,0,1,0,508,,
CATEGORIA,category,5.73,1.09,5.41,1.60,2.64,1.78,3.43,2.12,31,163,13,11,2,40,0,10.96,5,9,p,voiceless,stop,0,1,0,0,0,0,0,0,0,0,0,1,0,567,,
CATINO,basin,4.57,1.45,4.09,1.68,4.84,1.76,6.55,1.09,3,4,0,0,0,0,5,11.42,3,6,p,voiceless,stop,0,1,0,0,0,0,0,0,0,0,0,1,0,539,,
CATRAME,tar,4.73,1.47,5.30,1.81,4.70,1.91,5.73,1.69,11,4,0,0,0,0,0,11.17,3,7,p,voiceless,stop,0,1,0,0,0,0,0,0,0,0,0,1,0,585,,
CAVALLO,horse,2.11,0.72,6.82,0.58,6.52,1.00,6.84,0.53,170,180,383,139,244,37,1,11.14,3,7,p,voiceless,stop,0,1,0,0,0,0,0,0,0,0,0,1,0,500,,
CEDRO,citron,4.89,1.35,3.84,1.80,4.66,2.17,6.64,0.89,6,3,9,7,2,0,0,10.67,2,5,p,voiceless,affricate,0,0,0,0,1,0,0,0,0,0,1,0,0,543,,
CENERE,ash,3.20,1.19,6.14,1.09,5.14,1.62,4.32,2.59,45,16,17,12,5,0,3,11.46,3,6,ap,voiceless,affricate,0,0,0,0,1,0,0,0,0,0,1,0,0,537,,
CERA,wax,3.36,1.04,6.30,1.00,4.93,1.66,5.32,2.07,47,23,10,5,5,3,7,11.58,2,4,p,voiceless,affricate,0,0,0,0,1,0,0,0,0,0,1,0,0,533,,
CERIMONIA,ceremony,4.66,1.14,5.89,1.42,4.55,1.81,4.89,1.98,30,150,26,21,5,0,0,11.11,4,9,p,voiceless,affricate,0,0,0,0,1,0,0,0,0,0,1,0,0,597,,
CERVELLO,brain,3.50,1.11,6.61,1.02,5.41,1.63,6.11,1.50,91,164,64,55,9,2,0,10.88,3,8,p,voiceless,affricate,0,0,0,0,1,0,0,0,0,0,1,0,0,542,,
CERVO,deer,3.07,0.93,6.05,1.28,6.05,1.14,5.73,1.86,7,9,37,23,14,1,2,10.79,2,5,p,voiceless,affricate,0,0,0,0,1,0,0,0,0,0,1,0,0,534,,
CESTO,basket,3.27,0.82,6.09,1.16,5.80,1.47,6.66,0.96,7,12,41,29,12,2,13,11.34,2,5,p,voiceless,affricate,0,0,0,0,1,0,0,0,0,0,1,0,0,543,,
CHIESA,church,2.41,0.79,6.75,0.94,6.32,1.23,6.30,1.41,255,537,190,41,149,30,1,11.04,2,6,p,voiceless,stop,0,1,0,0,0,0,0,0,0,0,0,1,0,536,,
CHITARRA,guitar,3.25,0.99,6.59,0.90,6.52,0.73,6.80,0.59,7,39,19,11,8,3,0,11.03,3,8,p,voiceless,stop,0,1,0,0,0,0,0,0,0,0,0,1,0,564,,
CICALA,cicada,2.95,0.83,5.66,1.68,5.66,1.54,6.77,0.83,16,7,18,16,2,2,0,11.29,3,6,p,voiceless,affricate,0,0,0,0,1,0,0,0,0,0,1,0,0,573,,
CICATRICE,scar,3.50,0.88,6.05,1.35,5.77,1.27,6.34,1.16,3,4,13,1,12,0,0,11.02,4,9,p,voiceless,affricate,0,0,0,0,1,0,0,0,0,0,1,0,0,615,,
CIELO,sky,1.91,0.74,6.91,0.47,6.32,1.16,5.91,1.64,539,316,530,256,274,15,2,11.15,2,5,p,voiceless,affricate,0,0,0,0,1,0,0,0,0,0,1,0,0,528,,
CILIEGIA,cherry,2.30,0.76,6.61,0.69,6.43,0.95,4.48,2.67,1,2,42,31,12,0,1,10.92,3,8,p,voiceless,affricate,0,0,0,0,1,0,0,0,0,0,1,0,0,585,,
CIMITERO,cemetery,3.48,1.02,6.68,0.96,6.20,1.34,4.25,2.54,71,54,23,4,19,7,0,11.11,4,8,p,voiceless,affricate,0,0,0,0,1,0,0,0,0,0,1,0,0,576,,
CINEMA,cinema,3.00,0.81,6.89,0.39,6.23,1.01,4.39,2.46,169,625,43,22,21,34,0,11.14,3,6,ap,voiceless,affricate,0,0,0,0,1,0,0,0,0,0,1,0,0,527,,
CINGHIALE,wild boar,3.75,1.12,5.95,1.28,5.68,1.39,4.95,2.25,2,3,31,21,10,0,0,10.67,3,9,p,voiceless,affricate,0,0,0,0,1,0,0,0,0,0,1,0,0,616,,
CIPRESSO,cypress,3.89,1.08,5.02,1.61,5.68,1.46,6.23,1.63,4,1,0,0,0,0,0,10.86,3,8,p,voiceless,affricate,0,0,0,0,1,0,0,0,0,0,1,0,0,557,,
CIPRIA,powder,4.80,1.44,5.32,1.55,5.61,1.38,6.09,1.44,13,7,0,0,0,0,0,10.91,2,6,p,voiceless,affricate,0,0,0,0,1,0,0,0,0,0,1,0,0,533,,
CIRCO,circus,2.50,1.02,6.48,0.79,5.80,1.44,4.61,2.12,47,45,50,32,18,7,1,10.94,2,5,p,voiceless,affricate,0,0,0,0,1,0,0,0,0,0,1,0,0,517,,
CISTERNA,water tank,5.64,1.24,4.70,1.56,4.73,1.66,6.57,0.85,3,18,0,0,0,0,0,11.05,3,8,p,voiceless,affricate,0,0,0,0,1,0,0,0,0,0,1,0,0,583,,
CIUFFO,tuft,3.70,1.11,5.70,1.49,4.57,1.86,5.48,1.73,13,30,35,21,14,0,0,9.93,2,6,p,voiceless,affricate,0,0,0,0,1,0,0,0,0,0,1,0,0,560,,
CLERO,clergy,5.59,1.13,4.23,1.96,3.75,1.83,4.48,1.87,3,16,0,0,0,0,1,10.96,2,5,p,voiceless,stop,0,1,0,0,0,0,0,0,0,0,0,1,0,593,,
CLIMA,climate,4.23,1.24,6.07,1.32,3.82,1.93,4.32,2.05,130,233,51,35,16,20,0,10.69,2,5,p,voiceless,stop,0,1,0,0,0,0,0,0,0,0,0,1,0,555,,
COCOMERO,watermelon,2.70,1.07,6.48,1.02,6.48,0.79,6.52,1.32,2,5,0,0,0,2,0,11.17,4,8,ap,voiceless,stop,0,1,0,0,0,0,0,0,0,0,0,1,0,594,,
CODICE,code,5.61,1.24,5.23,1.64,3.45,2.01,2.84,1.74,20,212,14,13,1,39,0,10.95,3,6,ap,voiceless,stop,0,1,0,0,0,0,0,0,0,0,0,1,0,526,,
COFANO,bonnet,4.41,1.19,5.80,1.46,5.59,1.60,6.00,1.38,3,9,0,0,0,0,0,10.95,3,6,ap,voiceless,stop,0,1,0,0,0,0,0,0,0,0,0,1,0,537,,
COLLERA,anger,4.70,1.25,5.34,1.43,3.36,1.84,4.30,2.37,24,30,13,12,1,0,1,11.48,3,7,ap,voiceless,stop,0,1,0,0,0,0,0,0,0,0,0,1,0,544,,
COLORE,colour,2.27,0.82,6.73,0.73,4.73,2.00,5.65,1.72,172,250,847,282,565,46,3,11.41,3,6,p,voiceless,stop,0,1,0,0,0,0,0,0,0,0,0,1,0,528,,
COLPA,guilt,3.20,1.15,6.36,0.89,2.82,1.86,4.39,2.64,199,295,108,48,60,16,5,10.72,2,5,p,voiceless,stop,0,1,0,0,0,0,0,0,0,0,0,1,0,511,,
COLTELLO,knife,2.41,1.21,6.84,0.48,6.55,0.85,5.50,1.95,64,77,48,26,22,2,0,11.13,3,8,p,voiceless,stop,0,1,0,0,0,0,0,0,0,0,0,1,0,506,,
COMETA,comet,3.07,1.07,5.70,1.41,5.89,1.53,6.07,1.42,4,5,9,9,0,0,0,11.22,3,6,p,voiceless,stop,0,1,0,0,0,0,0,0,0,0,0,1,0,534,,
COMIZIO,campaign speech,5.61,1.38,4.98,1.49,4.00,1.77,5.41,1.85,7,24,0,0,0,1,0,10.79,3,7,p,voiceless,stop,0,1,0,0,0,0,0,0,0,0,0,1,0,523,,
COMPAGNO,mate,3.18,0.92,6.82,0.58,5.41,1.45,4.50,1.75,125,187,748,140,608,44,1,10.77,3,8,p,voiceless,stop,0,1,0,0,0,0,0,0,0,0,0,1,0,524,,
CONFETTO,sugared almond,2.77,0.99,6.14,1.21,5.89,1.32,6.80,0.59,4,3,15,6,9,1,0,10.83,3,8,p,voiceless,stop,0,1,0,0,0,0,0,0,0,0,0,1,0,552,,
CONIGLIO,rabbit,2.30,0.88,6.77,0.60,6.34,1.12,4.75,2.63,11,22,178,65,113,0,1,11.05,3,8,p,voiceless,stop,0,1,0,0,0,0,0,0,0,0,0,1,0,534,,
COPERCHIO,lid,3.00,0.89,6.59,0.73,5.93,1.37,5.95,1.55,29,16,18,15,3,2,0,10.92,3,9,p,voiceless,stop,0,1,0,0,0,0,0,0,0,0,0,1,0,567,,
CORALLO,coral,4.41,1.34,5.52,1.72,5.43,1.63,6.14,1.50,9,8,13,11,2,0,0,11.39,3,7,p,voiceless,stop,0,1,0,0,0,0,0,0,0,0,0,1,0,549,,
CORNICE,frame,3.64,0.92,6.30,0.93,5.91,1.41,5.25,1.86,27,50,12,5,7,16,0,10.97,3,7,p,voiceless,stop,0,1,0,0,0,0,0,0,0,0,0,1,0,529,,
CORO,chorus,3.45,0.90,5.93,1.52,5.00,1.67,5.32,1.62,54,73,32,19,13,0,10,11.59,2,4,p,voiceless,stop,0,1,0,0,0,0,0,0,0,0,0,1,0,517,,
CORVO,crow,3.52,1.15,5.93,1.56,5.91,1.22,6.82,0.66,5,9,51,43,8,0,6,10.90,2,5,p,voiceless,stop,0,1,0,0,0,0,0,0,0,0,0,1,0,505,,
CRANIO,skull,4.66,1.06,5.77,1.33,5.75,1.56,6.30,1.34,25,35,11,11,0,0,1,11.10,2,6,p,voiceless,stop,0,1,0,0,0,0,0,0,0,0,0,1,0,554,,
CRATERE,crater,4.57,1.07,5.11,1.62,5.48,1.52,6.25,1.46,3,4,7,6,1,0,0,11.28,3,7,p,voiceless,stop,0,1,0,0,0,0,0,0,0,0,0,1,0,631,,
CRAVATTA,tie,3.52,1.13,6.52,0.82,6.00,1.31,5.43,2.22,21,40,18,8,10,2,0,11.01,3,8,p,voiceless,stop,0,1,0,0,0,0,0,0,0,0,0,1,0,556,,
CRESTA,crest,4.43,1.65,5.05,1.60,5.02,1.69,5.27,1.85,18,18,9,6,3,1,2,11.16,2,6,p,voiceless,stop,0,1,0,0,0,0,0,0,0,0,0,1,0,533,,
CRISTALLO,crystal,4.23,1.12,5.84,1.20,5.02,1.70,6.50,0.90,35,37,40,29,11,5,0,10.99,3,9,p,voiceless,stop,0,1,0,0,0,0,0,0,0,0,0,1,0,574,,
CRONACA,chronicle,5.27,1.17,5.61,1.47,3.30,1.75,4.91,2.22,26,107,23,23,0,7,0,10.92,3,7,ap,voiceless,stop,0,1,0,0,0,0,0,0,0,0,0,1,0,543,,
CUBO,cube,3.77,1.12,6.02,1.36,5.68,1.75,4.50,2.38,3,13,17,15,2,5,4,10.09,2,4,p,voiceless,stop,0,1,0,0,0,0,0,0,0,0,0,1,0,514,,
CUCCHIAIO,spoon,2.07,0.79,6.82,0.54,6.32,1.16,5.59,1.73,21,78,14,10,4,7,0,10.50,3,9,p,voiceless,stop,0,1,0,0,0,0,0,0,0,0,0,1,0,577,,
CUOIO,leather,4.14,1.05,6.18,1.19,5.05,1.80,4.32,2.50,22,66,15,7,8,3,1,10.63,2,5,p,voiceless,stop,0,1,0,0,0,0,0,0,0,0,0,1,0,552,,
CUORE,heart,2.61,0.75,6.75,0.84,5.57,1.40,6.25,1.33,680,730,310,162,148,42,0,11.05,2,5,p,voiceless,stop,0,1,0,0,0,0,0,0,0,0,0,1,0,516,,
CUSCINO,cushion,2.05,0.68,6.70,0.73,6.16,1.31,6.93,0.25,10,27,31,15,16,2,0,10.81,3,7,p,voiceless,stop,0,1,0,0,0,0,0,0,0,0,0,1,0,574,,
CUSTODE,guardian,4.75,1.30,5.82,1.35,4.86,1.53,5.98,1.47,40,43,24,18,6,2,0,10.62,3,7,p,voiceless,stop,0,1,0,0,0,0,0,0,0,0,0,1,0,576,,
DAMIGIANA,demijohn,4.59,1.21,5.07,1.80,5.75,1.53,6.73,0.62,2,2,0,0,0,0,0,10.89,4,9,p,voiced,stop,1,1,0,0,0,0,0,0,1,0,0,0,0,625,,
DEMONIO,devil,4.27,1.17,5.64,1.62,4.00,1.90,4.02,2.58,12,17,0,0,0,2,0,11.09,3,7,p,voiced,stop,1,1,0,0,0,0,0,0,1,0,0,0,0,524,,
DENARO,money,3.39,1.10,6.66,1.10,6.14,1.17,6.07,1.61,168,321,86,74,12,17,1,11.39,3,6,p,voiced,stop,1,1,0,0,0,0,0,0,1,0,0,0,0,499,,
DETTAGLIO,detail,5.39,1.22,5.30,1.71,2.43,1.48,2.43,1.44,8,67,0,0,0,7,0,10.97,3,9,p,voiced,stop,1,1,0,0,0,0,0,0,1,0,0,0,0,542,,
DIAMANTE,diamond,4.20,1.21,6.23,1.16,5.57,1.58,6.73,0.73,4,14,33,28,5,3,0,11.31,3,8,p,voiced,stop,1,1,0,0,0,0,0,0,1,0,0,0,0,532,,
DIAVOLO,devil,2.82,0.79,6.41,1.24,4.48,2.04,4.36,2.51,140,148,39,27,12,7,0,11.08,3,7,ap,voiced,stop,1,1,0,0,0,0,0,0,1,0,0,0,0,533,,
DIGA,dam,4.68,1.31,5.57,1.50,5.02,1.86,6.34,1.10,11,10,12,11,1,0,4,10.94,2,4,p,voiced,stop,1,1,0,0,0,0,0,0,1,0,0,0,0,539,,
DILUVIO,deluge,3.93,1.26,6.20,1.39,5.14,1.79,5.55,1.77,11,17,8,6,2,0,0,10.40,3,7,p,voiced,stop,1,1,0,0,0,0,0,0,1,0,0,0,0,544,,
DIVANO,sofa,2.59,0.97,6.64,0.84,6.25,0.94,5.84,1.75,41,64,72,10,62,32,0,11.29,3,6,p,voiced,stop,1,1,0,0,0,0,0,0,1,0,0,0,0,505,,
DOCCIA,shower,2.70,0.85,6.82,0.58,6.11,1.17,4.39,2.34,12,49,25,8,17,5,3,10.95,2,6,p,voiced,stop,1,1,0,0,0,0,0,0,1,0,0,0,0,520,,
DOGANA,customs,5.23,1.26,5.61,1.48,4.36,1.77,4.43,1.98,4,3,0,0,0,0,0,10.87,3,6,p,voiced,stop,1,1,0,0,0,0,0,0,1,0,0,0,0,545,,
DOMICILIO,domicile,5.70,1.25,5.25,1.78,4.00,2.32,3.07,1.80,23,31,0,0,0,9,0,10.99,4,9,p,voiced,stop,1,1,0,0,0,0,0,0,1,0,0,0,0,554,,
DONNA,woman,2.55,1.15,7.00,0.00,6.11,1.20,3.73,2.08,951,1370,278,167,111,106,2,11.18,2,5,p,voiced,stop,1,1,0,0,0,0,0,0,1,0,0,0,0,502,,
DOSE,dose,5.25,1.31,5.61,1.65,3.09,1.84,5.30,2.02,15,63,14,4,10,2,3,11.32,2,4,p,voiced,stop,1,1,0,0,0,0,0,0,1,0,0,0,0,499,,
DRAGO,dragon,2.36,0.84,6.00,1.36,5.45,1.85,5.57,2.17,8,24,51,15,36,1,0,10.52,2,5,p,voiced,stop,1,1,0,0,0,0,0,0,1,0,0,0,0,520,,
DRAMMA,drama,5.48,1.44,5.50,1.53,3.93,1.74,4.55,2.36,38,136,9,4,5,10,1,10.64,2,6,p,voiced,stop,1,1,0,0,0,0,0,0,1,0,0,0,0,527,,
EDERA,ivy,3.55,1.02,5.41,1.67,5.52,1.65,6.39,1.15,20,24,10,7,3,0,1,11.30,3,5,ap,voiced,vowel,1,0,0,0,0,0,0,0,0,0,0,0,1,543,,
EDICOLA,newsstand,3.73,1.09,6.34,0.86,6.25,1.18,5.93,1.34,4,34,14,13,1,2,0,11.13,4,7,ap,voiced,vowel,1,0,0,0,0,0,0,0,0,0,0,0,1,526,,
ELEFANTE,elephant,2.45,0.79,6.57,1.02,6.50,0.88,6.34,1.22,41,36,103,83,20,1,1,10.84,4,8,p,voiced,vowel,1,0,0,0,0,0,0,0,0,0,0,0,1,504,,
ELICA,propeller,4.11,1.13,5.89,1.08,5.91,1.54,6.43,1.04,7,4,0,0,0,0,2,11.20,3,5,ap,voiced,vowel,1,0,0,0,0,0,0,0,0,0,0,0,1,510,,
ELMO,helmet,4.50,1.47,4.57,2.02,4.86,2.02,4.89,2.20,7,6,8,6,2,0,3,10.66,2,4,p,voiced,vowel,1,0,0,0,0,0,0,0,0,0,0,0,1,482,,
EPISODIO,episode,4.75,1.26,5.57,1.66,2.68,1.85,3.77,2.11,45,188,30,15,15,6,0,10.46,4,8,p,voiced,vowel,1,0,0,0,0,0,0,0,0,0,0,0,1,529,,
EPOCA,epoch,5.18,1.37,5.68,1.36,2.82,1.73,4.07,2.71,94,394,44,37,7,19,1,10.49,3,5,ap,voiced,vowel,1,0,0,0,0,0,0,0,0,0,0,0,1,507,,
ERBA,grass,2.32,1.05,6.80,0.59,6.16,1.14,6.70,0.63,144,125,329,149,180,3,1,10.54,2,4,p,voiced,vowel,1,0,0,0,0,0,0,0,0,0,0,0,1,511,,
EREDE,heir,5.39,1.30,5.61,1.47,3.48,1.87,4.36,2.14,20,67,8,8,0,2,0,11.34,3,5,p,voiced,vowel,1,0,0,0,0,0,0,0,0,0,0,0,1,541,,
ERGASTOLO,life imprisonment,5.70,1.02,5.95,1.41,3.55,2.12,5.23,2.07,21,33,0,0,0,2,0,10.69,4,9,ap,voiced,vowel,1,0,0,0,0,0,0,0,0,0,0,0,1,584,,
ERNIA,hernia,5.48,1.47,4.34,1.78,3.09,1.84,4.66,2.10,4,10,0,0,0,0,1,11.06,2,5,p,voiced,vowel,1,0,0,0,0,0,0,0,0,0,0,0,1,547,,
ESTATE,summer,2.55,0.79,6.95,0.30,5.30,1.91,3.34,1.70,193,538,377,108,269,24,0,11.33,3,6,p,voiced,vowel,1,0,0,0,0,0,0,0,0,0,0,0,1,524,,
FACCENDA,matter,5.00,1.24,5.14,1.64,2.36,1.56,3.89,2.20,42,71,43,25,18,11,0,10.67,3,8,p,voiceless,fricative,0,0,0,1,0,0,0,1,0,0,0,0,0,536,,
FAMA,fame,5.25,1.37,5.82,1.33,3.25,1.97,3.95,2.71,22,113,15,11,4,3,5,10.89,2,4,p,voiceless,fricative,0,0,0,1,0,0,0,1,0,0,0,0,0,529,,
FAME,hunger,1.82,1.19,6.73,0.82,3.93,2.02,2.66,2.01,140,175,169,82,87,21,4,10.89,2,4,p,voiceless,fricative,0,0,0,1,0,0,0,1,0,0,0,0,0,508,,
FAMIGLIA,family,2.39,0.84,6.84,0.68,5.61,1.57,5.48,1.34,412,1157,706,183,523,101,0,10.63,3,8,p,voiceless,fricative,0,0,0,1,0,0,0,1,0,0,0,0,0,517,,
FANALE,headlight,4.67,1.30,5.55,1.49,5.57,1.66,6.66,1.06,8,3,0,0,0,0,4,11.12,3,6,p,voiceless,fricative,0,0,0,1,0,0,0,1,0,0,0,0,0,552,,
FANCIULLO,boy,4.05,1.12,6.18,1.45,5.39,1.59,4.45,1.91,49,12,77,62,15,0,0,10.53,3,9,p,voiceless,fricative,0,0,0,1,0,0,0,1,0,0,0,0,0,527,,
FANGO,mud,2.98,0.93,6.39,0.99,5.57,1.52,6.48,0.90,36,51,37,20,17,0,4,10.49,2,5,p,voiceless,fricative,0,0,0,1,0,0,0,1,0,0,0,0,0,531,,
FANTASMA,ghost,2.77,0.91,6.34,1.03,4.68,1.90,4.27,2.49,28,65,111,56,55,0,1,10.63,3,8,p,voiceless,fricative,0,0,0,1,0,0,0,1,0,0,0,0,0,508,,
FARABUTTO,rascal,5.11,1.40,5.34,1.58,3.55,1.87,5.41,1.86,4,5,0,0,0,0,0,10.52,4,9,p,voiceless,fricative,0,0,0,1,0,0,0,1,0,0,0,0,0,597,,
FARFALLA,butterfly,1.93,0.66,6.82,0.50,6.55,0.98,6.80,0.67,48,25,144,70,74,2,0,10.51,3,8,p,voiceless,fricative,0,0,0,1,0,0,0,1,0,0,0,0,0,559,,
FARINA,flour,2.75,0.99,6.70,0.59,6.05,1.29,6.64,0.81,34,64,88,29,59,1,1,11.12,3,6,p,voiceless,fricative,0,0,0,1,0,0,0,1,0,0,0,0,0,528,,
FARO,lighthouse,3.73,1.04,6.05,1.03,5.91,1.46,6.57,0.87,14,27,33,17,16,1,8,11.08,2,4,p,voiceless,fricative,0,0,0,1,0,0,0,1,0,0,0,0,0,527,,
FASCINO,charm,5.25,1.37,6.02,1.23,3.48,1.81,4.48,2.47,25,149,12,11,1,0,0,10.88,3,7,ap,voiceless,fricative,0,0,0,1,0,0,0,1,0,0,0,0,0,539,,
FASE,phase,5.11,1.28,5.07,1.82,2.09,1.27,3.84,2.38,50,285,29,28,1,66,3,10.90,2,4,p,voiceless,fricative,0,0,0,1,0,0,0,1,0,0,0,0,0,528,,
FASTIDIO,nuisance,3.61,1.35,6.09,1.27,3.39,1.99,4.18,2.33,39,70,30,16,14,14,0,10.80,3,8,p,voiceless,fricative,0,0,0,1,0,0,0,1,0,0,0,0,0,545,,
FATA,fairy,2.20,0.88,6.05,1.41,4.70,2.08,4.93,2.31,9,16,120,67,53,6,6,11.14,2,4,p,voiceless,fricative,0,0,0,1,0,0,0,1,0,0,0,0,0,516,,
FAUNA,fauna,4.50,1.11,4.57,1.62,3.91,1.89,5.73,1.58,8,23,13,2,11,1,1,10.56,2,5,p,voiceless,fricative,0,0,0,1,0,0,0,1,0,0,0,0,0,552,,
FAVOLA,tale,1.70,0.73,6.57,1.02,4.30,2.08,3.52,2.10,55,82,72,47,25,9,1,10.86,3,6,ap,voiceless,fricative,0,0,0,1,0,0,0,1,0,0,0,0,0,554,,
FEBBRE,fever,2.20,0.88,6.48,0.95,4.32,2.07,5.80,1.68,78,71,40,11,29,11,0,10.14,2,6,p,voiceless,fricative,0,0,0,1,0,0,0,1,0,0,0,0,0,534,,
FEMMINA,female,2.55,1.07,6.91,0.36,5.41,1.87,5.16,1.58,19,60,120,23,97,2,0,10.48,3,7,ap,voiceless,fricative,0,0,0,1,0,0,0,1,0,0,0,0,0,575,,
FESTA,holiday,2.11,0.72,6.86,0.46,5.14,1.75,3.36,1.75,269,396,362,92,270,52,6,10.96,2,5,p,voiceless,fricative,0,0,0,1,0,0,0,1,0,0,0,0,0,525,,
FETTA,slice,2.57,0.70,6.25,1.20,4.86,1.69,5.84,1.51,11,60,34,22,12,2,8,10.83,2,5,p,voiceless,fricative,0,0,0,1,0,0,0,1,0,0,0,0,0,558,,
FIAMMA,flame,3.00,0.94,6.73,0.54,6.09,1.29,6.23,1.26,86,71,48,39,9,1,0,10.60,2,6,p,voiceless,fricative,0,0,0,1,0,0,0,1,0,0,0,0,0,545,,
FIBBIA,buckle,4.70,1.47,4.80,1.94,5.30,1.56,6.52,1.02,2,1,0,0,0,1,1,10.21,2,6,p,voiceless,fricative,0,0,0,1,0,0,0,1,0,0,0,0,0,539,,
FIDUCIA,trust,4.70,1.09,5.91,1.46,3.00,2.18,2.05,1.68,96,352,26,21,5,27,0,10.24,3,7,p,voiceless,fricative,0,0,0,1,0,0,0,1,0,0,0,0,0,542,,
FIENO,hay,3.75,1.04,5.25,1.84,5.41,1.72,5.45,1.93,10,14,22,8,14,0,2,11.01,2,5,p,voiceless,fricative,0,0,0,1,0,0,0,1,0,0,0,0,0,495,,
FIGLIO,son,2.16,0.75,6.86,0.41,5.25,1.53,4.64,1.89,555,838,435,201,234,70,6,10.66,2,6,p,voiceless,fricative,0,0,0,1,0,0,0,1,0,0,0,0,0,537,,
FINESTRA,window,2.39,0.99,6.84,0.43,6.57,0.73,6.75,0.61,217,182,381,160,221,9,2,11.03,3,8,p,voiceless,fricative,0,0,0,1,0,0,0,1,0,0,0,0,0,551,,
FIUME,river,2.70,0.70,6.75,0.69,6.09,1.14,6.45,0.95,308,242,300,139,161,2,0,10.27,2,5,p,voiceless,fricative,0,0,0,1,0,0,0,1,0,0,0,0,0,536,,
FLANELLA,flanell,5.45,1.15,4.00,1.68,4.36,2.06,6.39,1.19,9,3,0,0,0,0,0,10.84,3,8,p,voiceless,fricative,0,0,0,1,0,0,0,1,0,0,0,0,0,591,,
FLOTTA,fleet,4.55,1.17,5.20,1.52,4.75,1.79,5.61,1.57,9,35,10,9,1,0,0,10.36,2,6,p,voiceless,fricative,0,0,0,1,0,0,0,1,0,0,0,0,0,556,,
FOCA,seal,2.86,0.88,6.14,1.34,5.80,1.34,5.61,1.93,8,5,38,11,27,0,5,10.62,2,4,p,voiceless,fricative,0,0,0,1,0,0,0,1,0,0,0,0,0,526,,
FOGNA,sewer,4.02,1.17,6.25,1.04,4.93,1.69,4.75,1.92,5,7,11,0,11,0,2,10.42,2,5,p,voiceless,fricative,0,0,0,1,0,0,0,1,0,0,0,0,0,536,,
FOLLA,crowd,4.05,1.16,6.43,1.02,5.39,1.45,5.86,1.37,103,160,42,32,10,1,6,11.00,2,5,p,voiceless,fricative,0,0,0,1,0,0,0,1,0,0,0,0,0,548,,
FORESTA,forest,3.00,0.94,6.39,1.02,5.80,1.36,6.23,1.31,35,83,240,132,108,12,0,11.07,3,7,p,voiceless,fricative,0,0,0,1,0,0,0,1,0,0,0,0,0,551,,
FORFORA,dandruff,5.02,1.13,5.95,1.36,5.32,1.71,6.48,0.98,1,9,0,0,0,0,0,10.28,3,7,ap,voiceless,fricative,0,0,0,1,0,0,0,1,0,0,0,0,0,567,,
FRASE,sentence,3.39,0.81,6.61,0.78,4.00,1.89,3.93,1.97,72,154,193,182,11,36,1,10.80,2,5,p,voiceless,fricative,0,0,0,1,0,0,0,1,0,0,0,0,0,529,,
FRATE,friar,3.84,1.03,6.11,1.17,5.86,1.52,6.05,1.46,22,42,18,10,8,2,1,10.99,2,5,p,voiceless,fricative,0,0,0,1,0,0,0,1,0,0,0,0,0,516,,
FRATELLO,brother,2.00,0.72,6.89,0.49,5.70,1.39,4.39,1.69,371,343,1001,190,811,37,0,10.93,3,8,p,voiceless,fricative,0,0,0,1,0,0,0,1,0,0,0,0,0,536,,
FRECCIA,arrow,3.20,1.09,6.30,1.02,5.68,1.70,6.80,0.55,10,26,71,50,21,7,2,10.66,2,7,p,voiceless,fricative,0,0,0,1,0,0,0,1,0,0,0,0,0,549,,
FRETTA,hurry,4.05,1.20,6.36,1.12,3.23,1.87,3.32,2.13,149,216,110,84,26,8,3,10.89,2,6,p,voiceless,fricative,0,0,0,1,0,0,0,1,0,0,0,0,0,552,,
FUCILE,rifle,3.07,1.02,6.52,1.00,6.02,1.11,5.36,2.07,33,60,28,11,17,3,1,10.49,3,6,p,voiceless,fricative,0,0,0,1,0,0,0,1,0,0,0,0,0,536,,
FULMINE,lightning,2.93,1.07,6.64,0.92,5.93,1.37,4.27,2.00,30,47,25,12,13,1,0,10.31,3,7,ap,voiceless,fricative,0,0,0,1,0,0,0,1,0,0,0,0,0,535,,
FUNE,rope,4.48,1.36,5.93,1.26,5.20,1.65,6.11,1.26,11,5,10,9,1,0,2,10.82,2,4,p,voiceless,fricative,0,0,0,1,0,0,0,1,0,0,0,0,0,558,,
FUOCO,fire,1.93,0.70,6.93,0.33,6.27,1.15,6.14,1.44,263,566,230,160,70,19,1,10.50,2,5,p,voiceless,fricative,0,0,0,1,0,0,0,1,0,0,0,0,0,536,,
FURGONE,van,4.23,1.26,6.39,0.95,5.75,1.46,6.80,0.46,4,49,19,18,1,2,0,10.23,3,7,p,voiceless,fricative,0,0,0,1,0,0,0,1,0,0,0,0,0,556,,
FURIA,fury,4.45,1.45,5.52,1.61,3.86,2.00,4.43,2.44,70,66,39,17,22,4,1,10.69,2,5,p,voiceless,fricative,0,0,0,1,0,0,0,1,0,0,0,0,0,547,,
FURTO,theft,4.48,1.25,6.45,0.90,3.86,1.79,5.09,2.15,99,67,11,19,2,0,2,10.53,2,5,p,voiceless,fricative,0,0,0,1,0,0,0,1,0,0,0,0,0,556,,
GABBIA,cage,3.07,1.04,6.14,1.13,6.02,1.13,6.36,1.06,35,41,132,65,67,1,2,10.18,2,6,p,voiced,stop,1,1,0,0,0,0,0,0,0,0,0,1,0,507,,
GABBIANO,gull,3.02,0.90,6.20,1.15,6.23,0.99,5.14,2.25,6,39,23,9,14,3,0,10.45,3,8,p,voiced,stop,1,1,0,0,0,0,0,0,0,0,0,1,0,546,,
GALERA,prison,4.02,1.13,6.18,1.35,4.89,1.97,4.80,1.96,58,81,15,9,6,18,1,11.10,3,6,p,voiced,stop,1,1,0,0,0,0,0,0,0,0,0,1,0,540,,
GALLERIA,tunnel,3.57,0.90,6.41,0.82,5.66,1.49,4.64,2.26,31,100,45,25,20,3,0,11.07,4,8,p,voiced,stop,1,1,0,0,0,0,0,0,0,0,0,1,0,545,,
GARA,race,3.20,0.76,6.43,0.85,4.43,1.73,4.93,1.78,86,368,194,84,110,16,4,11.02,2,4,p,voiced,stop,1,1,0,0,0,0,0,0,0,0,0,1,0,543,,
GARBO,tact,5.48,1.27,4.27,1.80,2.70,1.85,4.39,2.60,8,10,0,0,0,1,1,9.98,2,5,p,voiced,stop,1,1,0,0,0,0,0,0,0,0,0,1,0,508,,
GAROFANO,carnation,3.48,1.15,5.73,1.45,5.89,1.51,6.70,0.88,7,24,9,6,3,0,0,10.58,4,8,ap,voiced,stop,1,1,0,0,0,0,0,0,0,0,0,1,0,564,,
GARZA,gauze,4.41,1.32,5.30,1.53,5.34,1.54,6.52,0.98,2,5,0,0,0,0,1,10.12,2,5,p,voiced,stop,1,1,0,0,0,0,0,0,0,0,0,1,0,526,,
GATTO,cat,1.70,0.63,6.91,0.36,6.68,0.67,4.89,2.37,75,122,976,308,668,129,6,10.95,2,5,p,voiced,stop,1,1,0,0,0,0,0,0,0,0,0,1,0,515,,
GAZZA,magpie,4.75,1.46,3.80,2.08,4.41,2.27,6.20,1.25,1,8,0,0,0,0,4,10.10,2,5,p,voiced,stop,1,1,0,0,0,0,0,0,0,0,0,1,0,523,,
GELSOMINO,jasmine,4.55,1.44,4.32,1.96,5.27,1.81,6.70,0.63,7,11,0,0,0,0,0,10.46,4,9,p,voiced,affricate,1,0,0,0,1,0,0,0,0,0,1,0,0,588,,
GENIO,genius,3.95,1.08,6.16,1.29,3.57,1.91,3.82,2.08,33,76,19,14,5,1,0,10.86,2,5,p,voiced,affricate,1,0,0,0,1,0,0,0,0,0,1,0,0,537,,
GENTE,people,2.80,1.07,6.86,0.41,5.43,1.65,5.77,1.60,579,1059,524,213,311,245,3,11.01,2,5,p,voiced,affricate,1,0,0,0,1,0,0,0,0,0,1,0,0,526,,
GERANIO,geranium,3.66,1.41,5.05,1.76,5.77,1.61,6.05,1.51,4,0,0,0,0,0,0,11.04,3,7,p,voiced,affricate,1,0,0,0,1,0,0,0,0,0,1,0,0,594,,
GHIACCIO,ice,2.77,1.01,6.68,0.64,6.02,1.17,6.05,1.33,40,81,58,27,31,11,0,10.42,2,8,p,voiced,stop,1,1,0,0,0,0,0,0,0,0,0,1,0,576,,
GHIRO,dormouse,4.11,1.32,4.30,1.77,4.57,1.80,6.27,1.39,4,3,44,28,16,1,0,10.24,2,5,p,voiced,stop,1,1,0,0,0,0,0,0,0,0,0,1,0,570,,
GIACCA,jacket,3.25,1.01,6.75,0.61,6.41,0.84,4.80,2.48,66,102,49,18,31,5,1,10.78,2,6,p,voiced,affricate,1,0,0,0,1,0,0,0,0,0,1,0,0,524,,
GIAGUARO,jaguar,3.93,1.19,5.36,1.60,5.23,1.71,6.66,0.89,1,2,0,0,0,0,0,10.62,3,8,p,voiced,affricate,1,0,0,0,1,0,0,0,0,0,1,0,0,599,,
GIARDINO,garden,2.66,0.89,6.64,0.84,5.93,1.19,6.39,0.99,142,240,386,143,243,27,0,10.99,3,8,p,voiced,affricate,1,0,0,0,1,0,0,0,0,0,1,0,0,529,,
GIGLIO,lily,3.80,1.17,4.82,1.81,5.09,2.00,6.61,0.75,24,2,23,14,9,1,4,10.71,2,6,p,voiced,affricate,1,0,0,0,1,0,0,0,0,0,1,0,0,591,,
GINESTRA,broom,5.14,1.49,4.02,1.98,4.61,2.17,5.93,1.55,4,1,0,0,0,1,2,11.06,3,8,p,voiced,affricate,1,0,0,0,1,0,0,0,0,0,1,0,0,539,,
GINOCCHIO,knee,2.32,0.74,6.89,0.32,6.18,1.47,6.80,0.55,54,80,57,28,29,8,1,10.80,3,9,p,voiced,affricate,1,0,0,0,1,0,0,0,0,0,1,0,0,577,,
GIOIA,joy,3.23,0.99,6.39,1.30,4.07,2.13,2.89,1.83,229,235,156,75,81,4,0,10.80,2,5,p,voiced,affricate,1,0,0,0,1,0,0,0,0,0,1,0,0,547,,
GIORNO,day,2.25,0.84,6.89,0.49,4.86,2.03,5.36,2.15,1749,2112,2760,805,1955,303,0,10.90,2,6,p,voiced,affricate,1,0,0,0,1,0,0,0,0,0,1,0,0,538,,
GIRAFFA,giraffe,2.57,1.00,6.57,0.76,6.16,1.41,6.95,0.30,5,3,24,18,6,0,0,10.17,3,7,p,voiced,affricate,1,0,0,0,1,0,0,0,0,0,1,0,0,578,,
GITA,trip,3.16,0.91,6.64,0.69,4.66,1.95,5.30,1.71,26,32,225,25,200,11,1,11.05,2,4,p,voiced,affricate,1,0,0,0,1,0,0,0,0,0,1,0,0,539,,
GIUDICE,judge,5.23,1.24,6.11,1.51,4.93,1.68,5.82,1.53,109,376,29,26,3,58,0,10.38,3,7,ap,voiced,affricate,1,0,0,0,1,0,0,0,0,0,1,0,0,559,,
GLOBO,globe,5.05,1.36,5.23,1.90,4.23,1.82,3.84,1.87,8,16,0,0,0,0,0,10.01,2,5,p,voiced,stop,1,1,0,0,0,0,0,0,0,0,0,1,0,517,,
GOBBA,hump,4.05,1.36,6.20,1.13,5.27,1.58,5.59,1.69,4,2,0,0,0,0,1,9.77,2,5,p,voiced,stop,1,1,0,0,0,0,0,0,0,0,0,1,0,536,,
GOCCIA,drop,2.73,1.02,6.73,0.69,5.75,1.71,5.88,1.33,18,56,94,55,39,8,1,10.53,2,6,p,voiced,stop,1,1,0,0,0,0,0,0,0,0,0,1,0,541,,
GOLFO,gulf,4.80,1.27,5.57,1.50,4.70,1.77,4.55,1.92,43,72,15,14,1,37,1,9.79,2,5,p,voiced,stop,1,1,0,0,0,0,0,0,0,0,0,1,0,515,,
GOMITO,elbow,2.75,1.08,6.68,0.56,5.86,1.66,6.02,1.45,20,35,11,11,0,0,2,10.69,3,6,ap,voiced,stop,1,1,0,0,0,0,0,0,0,0,0,1,0,545,,
GONNA,skirt,2.55,0.90,6.82,0.50,6.05,1.28,6.64,0.92,30,41,62,12,50,4,3,10.69,2,5,p,voiced,stop,1,1,0,0,0,0,0,0,0,0,0,1,0,526,,
GRANCHIO,crab,3.11,1.19,6.00,1.38,5.75,1.71,6.91,0.36,2,3,15,8,7,0,0,10.80,2,8,p,voiced,stop,1,1,0,0,0,0,0,0,0,0,0,1,0,553,,
GRANDINE,hail,3.16,0.78,6.30,1.11,5.98,1.17,5.32,1.79,19,11,0,0,0,0,0,11.03,3,8,ap,voiced,stop,1,1,0,0,0,0,0,0,0,0,0,1,0,568,,
GRUPPO,group,3.59,1.13,6.48,0.90,4.89,1.66,4.66,1.72,151,985,183,109,74,136,0,9.80,2,6,p,voiced,stop,1,1,0,0,0,0,0,0,0,0,0,1,0,504,,
GUAIO,trouble,3.59,1.23,5.95,1.54,2.75,1.70,3.68,2.22,27,37,98,73,25,11,0,10.50,2,5,p,voiced,stop,1,1,0,0,0,0,0,0,0,0,0,1,0,517,,
GUANCIA,cheek,2.14,0.85,6.50,0.88,5.91,1.38,5.30,2.02,41,24,55,9,46,1,0,10.71,2,7,p,voiced,stop,1,1,0,0,0,0,0,0,0,0,0,1,0,547,,
GUERRA,war,3.80,3.18,6.66,1.14,5.05,1.76,5.57,1.93,503,907,213,99,114,196,0,10.70,2,6,p,voiced,stop,1,1,0,0,0,0,0,0,0,0,0,1,0,510,,
GUFO,owl,3.07,1.13,5.91,1.25,5.77,1.43,5.70,1.65,5,5,28,24,4,0,1,9.76,2,4,p,voiced,stop,1,1,0,0,0,0,0,0,0,0,0,1,0,528,,
IDOLO,idol,5.05,1.10,5.48,1.66,3.77,1.85,4.95,2.39,12,30,8,4,4,0,0,10.86,3,5,ap,voiced,vowel,1,0,0,0,0,0,0,0,0,0,0,0,1,528,,
IGIENE,hygiene,4.30,1.21,5.70,1.34,3.55,1.96,4.00,2.15,15,32,0,0,0,1,0,10.90,3,6,p,voiced,vowel,1,0,0,0,0,0,0,0,0,0,0,0,1,554,,
IMBUTO,funnel,3.02,0.93,5.64,1.42,5.84,1.66,6.59,1.00,6,9,0,0,0,0,0,10.37,3,6,p,voiced,vowel,1,0,0,0,0,0,0,0,0,0,0,0,1,532,,
IMMAGINE,image,4.23,1.29,6.07,1.26,3.84,1.96,3.45,1.80,133,488,79,62,17,58,0,10.68,4,8,ap,voiced,vowel,1,0,0,0,0,0,0,0,0,0,0,0,1,520,,
IMPETO,fervor,6.09,1.20,4.23,1.72,2.36,1.79,3.61,2.29,32,19,0,0,0,0,1,10.89,3,6,ap,voiced,vowel,1,0,0,0,0,0,0,0,0,0,0,0,1,499,,
IMPULSO,impulse,5.75,1.30,4.86,1.79,2.61,1.85,4.52,2.57,14,50,9,8,1,3,0,9.94,3,7,p,voiced,vowel,1,0,0,0,0,0,0,0,0,0,0,0,1,496,,
INCUBO,nightmare,3.36,1.42,6.34,0.91,3.64,1.99,4.68,2.39,23,117,25,18,7,0,0,10.17,3,6,ap,voiced,vowel,1,0,0,0,0,0,0,0,0,0,0,0,1,538,,
INCUDINE,anvil,4.98,1.45,4.80,1.86,4.68,2.02,4.45,2.41,12,1,0,0,0,0,0,10.71,4,8,ap,voiced,vowel,1,0,0,0,0,0,0,0,0,0,0,0,1,592,,
INDAGINE,investigation,6.77,7.67,5.34,1.84,2.89,1.73,4.45,2.23,26,211,13,21,2,10,0,10.96,4,8,ap,voiced,vowel,1,0,0,0,0,0,0,0,0,0,0,0,1,525,,
INNO,hymn,4.80,1.11,5.45,1.58,3.86,1.89,5.36,1.82,34,30,0,0,0,1,2,11.27,2,4,p,voiced,vowel,1,0,0,0,0,0,0,0,0,0,0,0,1,498,,
INQUILINO,tenant,5.52,1.37,5.66,1.54,4.27,1.96,5.73,1.53,2,25,0,0,0,2,0,10.74,4,9,p,voiced,vowel,1,0,0,0,0,0,0,0,0,0,0,0,1,526,,
INSETTO,insect,3.05,0.99,6.45,1.07,5.50,1.49,6.55,0.98,17,21,95,46,49,1,1,10.97,3,7,p,voiced,vowel,1,0,0,0,0,0,0,0,0,0,0,0,1,550,,
INTERESSE,interest,4.95,1.16,5.89,1.33,2.66,1.84,2.57,1.70,89,412,41,32,9,61,0,11.32,4,9,p,voiced,vowel,1,0,0,0,0,0,0,0,0,0,0,0,1,544,,
INTESTINO,intestine,4.66,1.16,5.66,1.41,4.43,1.80,6.70,0.51,9,28,23,22,1,0,0,11.32,4,9,p,voiced,vowel,1,0,0,0,0,0,0,0,0,0,0,0,1,536,,
INVERNO,winter,2.32,0.77,6.93,0.33,4.98,1.97,5.07,2.08,180,195,315,85,230,7,1,10.81,3,7,p,voiced,vowel,1,0,0,0,0,0,0,0,0,0,0,0,1,553,,
ISTINTO,instinct,5.14,1.19,5.61,1.48,2.93,1.89,4.25,2.67,25,63,0,0,0,9,2,11.28,3,7,p,voiced,vowel,1,0,0,0,0,0,0,0,0,0,0,0,1,551,,
LABIRINTO,labyrinth,3.93,0.95,5.73,1.25,5.52,1.47,6.09,1.29,7,22,19,8,11,0,0,10.86,4,9,p,voiced,liquid,1,0,0,0,0,1,0,0,0,1,0,0,0,532,,
LACCIO,lace,2.89,1.19,6.02,1.32,5.20,1.62,5.66,1.72,4,5,7,3,4,0,0,11.04,2,6,p,voiced,liquid,1,0,0,0,0,1,0,0,0,1,0,0,0,508,,
LADRO,thief,3.23,1.20,6.73,0.62,4.80,1.80,4.55,1.95,46,38,130,78,52,2,1,10.76,2,5,p,voiced,liquid,1,0,0,0,0,1,0,0,0,1,0,0,0,500,,
LAGO,lake,2.57,0.76,6.75,0.53,6.25,0.99,6.55,0.79,119,139,204,105,99,2,4,10.83,2,4,p,voiced,liquid,1,0,0,0,0,1,0,0,0,1,0,0,0,476,,
LAMPADA,lamp,2.84,1.12,6.57,0.95,6.48,0.73,6.59,0.90,29,51,46,31,15,1,1,10.75,3,7,ap,voiced,liquid,1,0,0,0,0,1,0,0,0,1,0,0,0,493,,
LANA,wool,2.84,0.91,6.61,0.65,5.59,1.35,6.43,1.23,45,51,77,43,34,28,4,11.55,2,4,p,voiced,liquid,1,0,0,0,0,1,0,0,0,1,0,0,0,475,,
LANTERNA,lantern,4.45,1.04,5.32,1.41,5.41,1.76,4.43,2.55,14,10,10,8,2,0,0,11.21,3,8,p,voiced,liquid,1,0,0,0,0,1,0,0,0,1,0,0,0,518,,
LAPIDE,tombstone,5.23,1.18,5.16,1.66,5.89,1.24,6.43,0.87,7,4,0,0,0,1,0,10.83,3,6,ap,voiced,liquid,1,0,0,0,0,1,0,0,0,1,0,0,0,503,,
LATO,side,3.73,0.87,6.02,1.17,3.68,1.86,4.82,2.31,67,217,119,87,32,32,4,11.57,2,4,p,voiced,liquid,1,0,0,0,0,1,0,0,0,1,0,0,0,479,,
LATTE,milk,1.57,0.66,6.95,0.21,6.11,0.97,6.82,0.50,97,151,192,70,122,11,1,11.43,2,5,p,voiced,liquid,1,0,0,0,0,1,0,0,0,1,0,0,0,496,,
LATTUGA,lettuce,3.77,1.24,5.68,1.51,5.86,1.23,4.77,2.44,5,8,0,0,0,5,0,10.61,3,7,p,voiced,liquid,1,0,0,0,0,1,0,0,0,1,0,0,0,510,,
LEPRE,hare,3.14,0.90,6.18,1.17,5.95,1.36,6.77,0.52,9,11,72,35,37,0,0,10.89,2,5,p,voiced,liquid,1,0,0,0,0,1,0,0,0,1,0,0,0,494,,
LIBRO,book,2.07,0.70,6.68,0.91,6.57,0.70,6.68,0.98,162,644,296,135,161,121,0,10.56,2,5,p,voiced,liquid,1,0,0,0,0,1,0,0,0,1,0,0,0,504,,
LIDO,shore,4.34,1.55,5.16,1.76,4.48,1.78,5.02,1.78,30,15,7,3,4,5,3,11.00,2,4,p,voiced,liquid,1,0,0,0,0,1,0,0,0,1,0,0,0,507,,
LIMONE,lemon,2.18,0.84,6.89,0.32,6.61,0.75,6.89,0.39,26,93,33,14,19,7,1,11.14,3,6,p,voiced,liquid,1,0,0,0,0,1,0,0,0,1,0,0,0,503,,
LISTA,list,5.30,6.25,6.30,1.17,4.48,1.89,5.55,1.66,25,250,10,9,1,23,3,11.29,2,5,p,voiced,liquid,1,0,0,0,0,1,0,0,0,1,0,0,0,492,,
LITE,quarrel,3.91,1.38,6.05,1.22,3.89,1.88,3.95,1.75,17,47,0,0,0,1,2,11.35,2,4,p,voiced,liquid,1,0,0,0,0,1,0,0,0,1,0,0,0,521,,
LITIGIO,quarrel,3.45,1.19,6.23,1.08,3.80,1.75,4.59,2.02,6,18,20,3,17,0,0,10.90,3,7,p,voiced,liquid,1,0,0,0,0,1,0,0,0,1,0,0,0,546,,
LITRO,litre,3.70,0.79,6.55,0.76,4.00,1.79,3.55,2.02,31,38,35,34,1,3,2,11.16,2,5,p,voiced,liquid,1,0,0,0,0,1,0,0,0,1,0,0,0,487,,
LOCULO,burial niche,5.93,1.26,3.66,1.90,4.36,1.88,4.02,2.44,3,1,0,0,0,22,0,10.43,3,6,ap,voiced,liquid,1,0,0,0,0,1,0,0,0,1,0,0,0,551,,
LODE,praise,4.64,1.31,5.66,1.41,3.09,1.97,4.48,2.69,12,9,7,6,1,1,0,10.85,2,4,p,voiced,liquid,1,0,0,0,0,1,0,0,0,1,0,0,0,488,,
LUCCHETTO,padlock,3.93,1.07,5.84,1.48,5.84,1.22,6.73,0.66,9,5,0,0,0,0,0,10.65,3,9,p,voiced,liquid,1,0,0,0,0,1,0,0,0,1,0,0,0,672,,
LUCE,light,2.07,0.76,6.82,0.58,5.36,1.86,5.73,1.59,567,630,335,212,123,26,2,10.48,2,4,p,voiced,liquid,1,0,0,0,0,1,0,0,0,1,0,0,0,475,,
LUCERTOLA,lizard,2.59,0.84,6.57,0.73,6.11,1.42,6.93,0.25,14,1,60,24,36,0,0,10.73,4,9,ap,voiced,liquid,1,0,0,0,0,1,0,0,0,1,0,0,0,548,,
LUMACA,snail,2.25,0.61,6.41,1.04,6.11,1.32,6.75,0.69,3,8,32,15,17,0,0,10.50,3,6,p,voiced,liquid,1,0,0,0,0,1,0,0,0,1,0,0,0,502,,
LUNA,moon,2.02,0.82,6.95,0.30,6.50,1.09,5.77,1.41,330,210,213,127,86,5,4,11.02,2,4,p,voiced,liquid,1,0,0,0,0,1,0,0,0,1,0,0,0,492,,
LUOGO,place,3.82,1.08,6.43,0.97,3.66,1.93,3.73,1.66,221,518,185,128,57,48,1,10.27,2,5,p,voiced,liquid,1,0,0,0,0,1,0,0,0,1,0,0,0,497,,
LUPO,wolf,1.95,0.78,6.57,1.09,6.34,1.24,5.86,1.66,50,77,246,161,85,3,2,10.40,2,4,p,voiced,liquid,1,0,0,0,0,1,0,0,0,1,0,0,0,482,,
LUSSO,luxury,4.68,1.18,6.20,1.15,3.50,1.82,4.34,2.06,45,118,17,12,5,3,3,10.64,2,5,p,voiced,liquid,1,0,0,0,0,1,0,0,0,1,0,0,0,480,,
LUTTO,mourning,4.86,1.23,5.98,1.47,4.59,2.14,4.68,2.10,22,32,0,0,0,4,4,10.94,2,5,p,voiced,liquid,1,0,0,0,0,1,0,0,0,1,0,0,0,492,,
MACCHINA,machine,2.23,0.89,6.91,0.29,6.39,0.99,6.75,0.69,219,518,807,153,654,107,0,10.89,3,8,ap,voiced,nasal,1,0,1,0,0,0,1,0,0,0,0,0,0,516,,
MADRE,mother,1.98,0.93,6.93,0.45,6.18,1.21,4.11,2.21,1067,1026,831,144,687,57,1,10.77,2,5,p,voiced,nasal,1,0,1,0,0,0,1,0,0,0,0,0,0,493,,
MAGAZZINO,warehouse,4.45,1.09,6.41,1.19,5.52,1.56,6.32,1.12,22,49,34,22,12,7,0,10.48,4,9,p,voiced,nasal,1,0,1,0,0,0,1,0,0,0,0,0,0,537,,
MAGO,wizard,2.55,1.09,6.34,1.10,4.84,1.70,5.73,1.58,11,65,100,33,67,4,5,10.68,2,4,p,voiced,nasal,1,0,1,0,0,0,1,0,0,0,0,0,0,501,,
MAIALE,pig,2.36,0.75,6.80,0.59,6.23,1.08,6.91,0.29,17,33,46,23,23,13,1,11.08,3,6,p,voiced,nasal,1,0,1,0,0,0,1,0,0,0,0,0,0,494,,
MAIONESE,mayonnaise,3.59,0.82,6.52,0.98,6.14,1.21,6.75,0.69,4,7,0,0,0,0,0,11.06,4,8,p,voiced,nasal,1,0,1,0,0,0,1,0,0,0,0,0,0,541,,
MAMMA,mum,1.09,0.29,7.00,0.00,6.27,1.19,6.18,1.39,506,430,2723,483,2240,181,0,10.79,2,5,p,voiced,nasal,1,0,1,0,0,0,1,0,0,0,0,0,0,519,,
MANCIA,tip,6.00,4.48,5.59,1.60,4.18,1.91,5.59,1.63,16,11,0,0,0,0,3,11.13,2,6,p,voiced,nasal,1,0,1,0,0,0,1,0,0,0,0,0,0,498,,
MANDORLA,almond,3.39,1.04,6.27,1.32,5.75,1.48,6.57,0.95,5,6,22,6,16,0,1,10.96,3,8,ap,voiced,nasal,1,0,1,0,0,0,1,0,0,0,0,0,0,535,,
MANO,hand,1.52,0.66,6.95,0.21,6.34,1.16,6.66,0.64,934,1103,764,499,315,134,4,11.52,2,4,p,voiced,nasal,1,0,1,0,0,0,1,0,0,0,0,0,0,516,,
MANZO,beef,4.16,1.43,5.11,1.77,4.59,2.03,5.45,1.84,5,5,0,0,0,0,4,10.66,2,5,p,voiced,nasal,1,0,1,0,0,0,1,0,0,0,0,0,0,490,,
MARE,sea,1.80,0.76,6.95,0.21,6.64,0.94,4.86,1.97,804,626,830,363,467,41,3,11.52,2,4,p,voiced,nasal,1,0,1,0,0,0,1,0,0,0,0,0,0,487,,
MARGINE,margin,5.20,1.36,4.98,1.76,3.20,1.82,5.30,1.97,31,61,7,4,3,2,0,10.86,3,7,ap,voiced,nasal,1,0,1,0,0,0,1,0,0,0,0,0,0,511,,
MARITO,husband,3.00,1.03,6.86,0.41,5.02,1.87,3.66,2.09,411,714,54,25,29,56,2,11.27,3,6,p,voiced,nasal,1,0,1,0,0,0,1,0,0,0,0,0,0,488,,
MARMOTTA,marmot,3.70,1.29,5.41,1.60,4.80,1.94,4.70,2.63,5,2,20,18,2,0,1,10.81,3,8,p,voiced,nasal,1,0,1,0,0,0,1,0,0,0,0,0,0,516,,
MARTIRE,martyr,5.20,1.11,5.14,1.82,3.43,1.70,3.00,1.98,4,8,0,0,0,2,0,11.02,3,7,ap,voiced,nasal,1,0,1,0,0,0,1,0,0,0,0,0,0,521,,
MATERASSO,matress,3.02,0.98,6.80,0.46,6.30,1.17,5.95,1.49,3,17,10,5,5,25,0,11.12,4,9,p,voiced,nasal,1,0,1,0,0,0,1,0,0,0,0,0,0,519,,
MATITA,pencil,2.20,0.67,6.91,0.29,6.34,1.36,6.73,0.79,12,37,43,27,16,4,0,11.21,3,6,p,voiced,nasal,1,0,1,0,0,0,1,0,0,0,0,0,0,523,,
MEDAGLIA,medal,3.32,0.86,6.30,1.05,5.68,1.43,6.14,1.37,64,56,27,9,18,2,0,10.75,3,8,p,voiced,nasal,1,0,1,0,0,0,1,0,0,0,0,0,0,513,,
MELA,apple,1.80,0.63,6.91,0.36,6.55,0.95,6.43,1.15,17,40,156,76,80,0,5,11.43,2,4,p,voiced,nasal,1,0,1,0,0,0,1,0,0,0,0,0,0,494,,
MEMORIA,memory,3.93,1.11,6.32,1.34,2.89,1.91,2.14,1.47,158,288,31,27,4,20,0,11.01,3,7,p,voiced,nasal,1,0,1,0,0,0,1,0,0,0,0,0,0,502,,
MENZOGNA,deceipt,5.07,1.28,5.64,1.60,2.84,1.80,3.73,2.19,26,18,0,0,0,0,0,10.38,3,8,p,voiced,nasal,1,0,1,0,0,0,1,0,0,0,0,0,0,532,,
MERCE,goods,4.93,1.37,5.91,1.49,4.11,1.62,5.64,1.54,70,47,60,43,17,4,0,11.01,2,5,p,voiced,nasal,1,0,1,0,0,0,1,0,0,0,0,0,0,513,,
MERLUZZO,cod,5.09,7.94,5.91,1.22,5.39,1.63,5.93,1.73,4,10,0,0,0,0,0,9.92,3,8,p,voiced,nasal,1,0,1,0,0,0,1,0,0,0,0,0,0,518,,
MESTIERE,job,4.16,1.06,6.30,0.98,3.80,1.77,4.84,2.18,142,146,52,28,24,8,0,11.22,3,8,p,voiced,nasal,1,0,1,0,0,0,1,0,0,0,0,0,0,535,,
METALLO,metal,3.48,0.73,6.32,0.83,4.66,1.79,5.98,1.23,28,51,31,26,5,4,0,11.10,3,7,p,voiced,nasal,1,0,1,0,0,0,1,0,0,0,0,0,0,503,,
METODO,method,5.39,1.33,5.57,1.55,2.50,1.49,2.25,1.30,22,170,26,20,6,25,0,10.75,3,6,ap,voiced,nasal,1,0,1,0,0,0,1,0,0,0,0,0,0,512,,
MIELE,honey,2.70,0.76,6.41,0.97,6.07,1.23,6.55,0.82,36,65,49,23,26,7,2,11.15,2,5,p,voiced,nasal,1,0,1,0,0,0,1,0,0,0,0,0,0,502,,
MINESTRA,soup,2.02,0.79,6.84,0.43,6.05,1.08,4.81,2.22,68,21,18,9,9,0,2,11.17,3,8,p,voiced,nasal,1,0,1,0,0,0,1,0,0,0,0,0,0,531,,
MINISTRO,minister,5.73,1.09,5.80,1.55,3.89,1.81,3.84,1.84,244,983,15,6,9,14,0,11.01,3,8,p,voiced,nasal,1,0,1,0,0,0,1,0,0,0,0,0,0,515,,
MISTERO,mystery,4.64,1.22,5.91,1.33,2.91,1.78,4.05,2.68,101,154,29,23,6,13,0,11.19,3,7,p,voiced,nasal,1,0,1,0,0,0,1,0,0,0,0,0,0,572,,
MODA,fashion,4.57,1.15,6.45,0.95,4.00,1.98,4.14,1.84,45,427,57,27,30,15,5,10.66,2,4,p,voiced,nasal,1,0,1,0,0,0,1,0,0,0,0,0,0,480,,
MOGLIE,wife,3.16,1.10,6.77,0.64,5.14,1.76,5.14,1.69,662,913,122,68,54,84,0,10.71,2,6,p,voiced,nasal,1,0,1,0,0,0,1,0,0,0,0,0,0,496,,
MOLE,mass,5.89,1.26,4.41,1.73,2.84,1.61,4.84,2.05,24,33,0,0,0,2,2,11.22,2,4,p,voiced,nasal,1,0,1,0,0,0,1,0,0,0,0,0,0,511,,
MONASTERO,monastery,4.91,1.20,5.50,1.66,5.23,1.64,6.18,1.42,11,18,0,0,0,5,0,11.13,4,9,p,voiced,nasal,1,0,1,0,0,0,1,0,0,0,0,0,0,550,,
MONDO,world,2.89,0.78,6.73,0.66,5.23,1.72,4.05,2.00,927,2221,785,387,398,169,3,11.13,2,5,p,voiced,nasal,1,0,1,0,0,0,1,0,0,0,0,0,0,506,,
MONETA,coin,2.98,0.95,6.41,1.19,5.86,1.34,4.91,2.03,24,106,75,65,10,19,0,11.17,3,6,p,voiced,nasal,1,0,1,0,0,0,1,0,0,0,0,0,0,483,,
MUCCA,cow,1.77,0.71,6.84,0.64,6.32,1.16,6.70,0.67,2,4,134,34,100,7,1,10.29,2,5,p,voiced,nasal,1,0,1,0,0,0,1,0,0,0,0,0,0,522,,
MUCCHIO,heap,4.00,1.20,6.20,1.11,4.05,1.87,5.30,1.69,32,37,32,27,5,1,1,10.38,2,7,p,voiced,nasal,1,0,1,0,0,0,1,0,0,0,0,0,0,502,,
MUFFA,mould,4.07,1.04,5.36,1.26,4.95,1.71,6.25,1.20,11,6,0,0,0,2,2,9.68,2,5,p,voiced,nasal,1,0,1,0,0,0,1,0,0,0,0,0,0,510,,
MULINO,mill,3.64,1.20,6.20,1.02,5.59,1.53,5.86,1.49,9,17,51,17,34,0,0,10.73,3,6,p,voiced,nasal,1,0,1,0,0,0,1,0,0,0,0,0,0,490,,
MULO,mule,2.86,0.85,5.89,1.47,5.50,1.56,5.61,1.86,36,7,18,13,5,0,7,10.39,2,4,p,voiced,nasal,1,0,1,0,0,0,1,0,0,0,0,0,0,484,,
MUMMIA,mummy,3.95,0.89,5.75,1.24,5.14,1.95,6.39,1.06,4,6,7,4,3,1,0,10.18,2,6,p,voiced,nasal,1,0,1,0,0,0,1,0,0,0,0,0,0,495,,
MUNICIPIO,municipality,5.36,1.18,5.48,1.73,4.70,1.95,6.16,1.41,27,38,12,6,6,0,0,10.44,4,9,p,voiced,nasal,1,0,1,0,0,0,1,0,0,0,0,0,0,546,,
NASO,nose,1.57,0.73,6.86,0.35,6.07,1.37,6.55,0.90,227,125,268,82,186,7,4,11.05,2,4,p,voiced,nasal,1,0,1,0,0,0,0,0,1,0,0,0,0,511,,
NATURA,nature,3.05,0.81,6.73,0.82,4.98,1.76,3.98,2.06,157,528,248,74,174,39,1,10.92,3,6,p,voiced,nasal,1,0,1,0,0,0,0,0,1,0,0,0,0,533,,
NAVE,ship,2.25,0.92,6.82,0.50,6.34,1.12,5.66,1.90,79,127,188,117,71,6,2,11.13,2,4,p,voiced,nasal,1,0,1,0,0,0,0,0,1,0,0,0,0,493,,
NAZIONE,nation,4.36,1.10,6.52,1.15,4.00,2.09,5.14,1.98,32,101,31,18,13,46,2,10.89,3,7,p,voiced,nasal,1,0,1,0,0,0,0,0,1,0,0,0,0,552,,
NEBBIA,fog,3.32,1.03,6.73,0.66,5.50,1.82,4.95,1.89,69,77,130,37,93,0,0,10.43,2,6,p,voiced,nasal,1,0,1,0,0,0,0,0,1,0,0,0,0,497,,
NEGOZIO,shop,2.95,0.91,6.70,0.73,5.66,1.61,6.18,1.24,88,149,227,73,154,24,0,10.13,3,7,p,voiced,nasal,1,0,1,0,0,0,0,0,1,0,0,0,0,522,,
NEVE,snow,2.39,1.08,6.86,0.41,6.34,1.10,4.84,2.27,108,184,288,141,147,13,2,11.07,2,4,p,voiced,nasal,1,0,1,0,0,0,0,0,1,0,0,0,0,520,,
NIDO,nest,2.59,0.87,6.23,1.14,5.41,1.44,6.48,1.13,42,44,128,68,60,6,4,10.81,2,4,p,voiced,nasal,1,0,1,0,0,0,0,0,1,0,0,0,0,513,,
NIPOTE,nephew,3.18,1.28,6.61,0.75,4.70,2.02,5.36,1.67,120,96,119,90,29,6,0,10.58,3,6,p,voiced,nasal,1,0,1,0,0,0,0,0,1,0,0,0,0,504,,
NODO,knot,2.91,1.07,6.32,1.03,5.05,1.63,6.30,1.32,35,49,13,13,0,3,7,10.82,2,4,p,voiced,nasal,1,0,1,0,0,0,0,0,1,0,0,0,0,526,,
NOIA,boredom,3.91,1.22,6.45,1.04,3.77,2.04,4.25,2.45,84,55,34,11,23,4,4,11.07,2,4,p,voiced,nasal,1,0,1,0,0,0,0,0,1,0,0,0,0,514,,
NOME,name,1.80,0.51,6.95,0.21,4.05,2.07,3.11,1.90,635,1009,679,368,311,157,3,11.25,2,4,p,voiced,nasal,1,0,1,0,0,0,0,0,1,0,0,0,0,497,,
NONNO,grandfather,1.59,0.69,6.86,0.55,5.75,1.54,5.66,1.45,306,119,1039,249,790,3,3,11.26,2,5,p,voiced,nasal,1,0,1,0,0,0,0,0,1,0,0,0,0,501,,
NORMA,rule,6.00,1.01,4.73,1.95,2.61,1.96,4.20,2.68,9,103,10,9,1,76,1,11.05,2,5,p,voiced,nasal,1,0,1,0,0,0,0,0,1,0,0,0,0,529,,
NOTTE,night,1.93,0.73,7.00,0.00,5.55,1.85,5.64,1.88,945,1089,576,318,258,58,1,11.14,2,5,p,voiced,nasal,1,0,1,0,0,0,0,0,1,0,0,0,0,519,,
NUCA,nape of the neck,4.43,1.17,5.41,1.69,5.00,1.74,5.20,2.03,26,33,0,0,0,1,2,10.41,2,4,p,voiced,nasal,1,0,1,0,0,0,0,0,1,0,0,0,0,508,,
NUORA,daughter in law,5.59,1.35,5.00,1.82,4.09,2.08,5.77,1.65,21,16,0,0,0,1,2,10.84,2,5,p,voiced,nasal,1,0,1,0,0,0,0,0,1,0,0,0,0,551,,
NUVOLA,cloud,2.16,0.68,6.61,1.04,5.70,1.66,3.95,2.33,39,24,222,113,109,0,1,10.14,3,6,ap,voiced,nasal,1,0,1,0,0,0,0,0,1,0,0,0,0,520,,
OCCIDENTE,west,4.61,0.97,5.75,1.45,3.18,1.74,4.77,2.32,46,95,9,9,0,11,0,10.73,4,9,p,voiced,vowel,1,0,0,0,0,0,0,0,0,0,0,0,1,522,,
ODORE,smell,2.91,0.96,6.50,1.00,3.95,2.13,4.86,2.10,123,123,84,42,42,7,1,10.77,3,5,p,voiced,vowel,1,0,0,0,0,0,0,0,0,0,0,0,1,501,,
OFFICINA,workshop,4.75,1.40,6.20,1.23,5.39,1.56,4.45,2.29,12,17,10,4,6,2,0,10.28,4,8,p,voiced,vowel,1,0,0,0,0,0,0,0,0,0,0,0,1,478,,
OMBELICO,navel,2.59,0.90,6.23,1.38,6.02,1.19,6.68,0.74,5,9,0,0,0,0,0,10.60,4,8,p,voiced,vowel,1,0,0,0,0,0,0,0,0,0,0,0,1,535,,
ORGOGLIO,pride,5.07,1.09,5.57,1.69,2.70,1.90,4.48,2.61,53,109,12,11,1,2,0,10.30,3,8,p,voiced,vowel,1,0,0,0,0,0,0,0,0,0,0,0,1,511,,
ORIGINE,origin,5.14,1.29,5.70,1.58,2.52,1.75,4.39,2.59,57,285,60,52,8,14,0,10.89,4,7,ap,voiced,vowel,1,0,0,0,0,0,0,0,0,0,0,0,1,492,,
ORIZZONTE,horizon,5.66,7.86,6.14,1.19,4.91,2.13,3.16,1.90,64,85,27,21,6,6,0,10.52,4,9,p,voiced,vowel,1,0,0,0,0,0,0,0,0,0,0,0,1,535,,
ORMA,footprint,3.95,1.03,5.23,1.80,5.20,1.52,6.00,1.41,10,7,10,9,1,0,4,10.81,2,4,p,voiced,vowel,1,0,0,0,0,0,0,0,0,0,0,0,1,505,,
ORSO,bear,2.39,0.89,6.75,0.58,6.09,1.27,6.52,1.13,19,53,164,57,107,0,9,10.80,2,4,p,voiced,vowel,1,0,0,0,0,0,0,0,0,0,0,0,1,474,,
ORTICA,nettle,3.16,1.06,5.12,1.72,5.59,1.67,6.59,0.66,3,4,10,9,1,3,1,10.87,3,6,p,voiced,vowel,1,0,0,0,0,0,0,0,0,0,0,0,1,528,,
ORTO,kitchen garden,3.05,0.78,6.07,1.47,5.66,1.41,4.61,2.05,64,41,43,23,20,4,8,11.04,2,4,p,voiced,vowel,1,0,0,0,0,0,0,0,0,0,0,0,1,497,,
ORZO,barley,3.73,1.53,5.45,1.61,4.93,1.65,4.34,2.51,14,5,0,0,0,2,4,9.95,2,4,p,voiced,vowel,1,0,0,0,0,0,0,0,0,0,0,0,1,502,,
OSPEDALE,hospital,3.00,0.91,6.77,0.52,5.98,1.32,6.43,0.95,167,414,113,18,95,21,0,10.70,4,8,p,voiced,vowel,1,0,0,0,0,0,0,0,0,0,0,0,1,485,,
OSPITE,host/guest,4.00,1.08,6.14,1.34,4.43,1.73,4.64,1.60,139,117,44,30,14,2,0,10.69,3,6,ap,voiced,vowel,1,0,0,0,0,0,0,0,0,0,0,0,1,492,,
OVATTA,cotton wool,3.20,1.11,6.05,1.41,5.32,1.81,6.59,0.79,4,4,0,0,0,0,0,10.92,3,6,p,voiced,vowel,1,0,0,0,0,0,0,0,0,0,0,0,1,534,,
PACCO,parcel,3.09,1.03,6.50,0.98,5.64,1.57,4.82,2.35,14,24,26,20,16,10,6,11.02,2,5,p,voiceless,stop,0,1,0,0,0,0,1,0,0,0,0,0,0,521,,
PACE,peace,2.95,0.94,6.64,0.99,3.41,1.92,2.50,1.76,426,444,227,97,130,48,1,11.00,2,4,p,voiceless,stop,0,1,0,0,0,0,1,0,0,0,0,0,0,494,,
PADELLA,frying pan,3.11,1.15,6.50,0.88,6.30,1.07,6.61,0.81,9,38,14,9,5,2,1,11.12,3,7,p,voiceless,stop,0,1,0,0,0,0,1,0,0,0,0,0,0,517,,
PADRE,father,2.05,0.83,7.00,0.00,6.20,1.17,5.98,1.58,946,1270,1159,171,988,64,1,10.75,2,5,p,voiceless,stop,0,1,0,0,0,0,1,0,0,0,0,0,0,504,,
PAGINA,page,2.89,0.58,6.61,0.92,5.48,1.70,5.05,1.87,50,214,139,129,10,70,1,10.96,3,6,ap,voiceless,stop,0,1,0,0,0,0,1,0,0,0,0,0,0,514,,
PALA,shovel,3.77,1.18,5.86,1.37,5.55,1.37,6.52,1.13,4,8,11,6,5,1,5,11.45,2,4,p,voiceless,stop,0,1,0,0,0,0,1,0,0,0,0,0,0,502,,
PALATO,palate,3.66,1.08,5.59,1.45,4.93,1.81,5.86,1.46,5,6,0,0,0,2,5,11.36,3,6,p,voiceless,stop,0,1,0,0,0,0,1,0,0,0,0,0,0,514,,
PALAZZO,palace,2.77,1.03,6.64,0.89,6.11,1.33,6.61,0.78,119,657,190,82,108,28,0,10.50,3,7,p,voiceless,stop,0,1,0,0,0,0,1,0,0,0,0,0,0,496,,
PALCO,box,4.27,0.95,6.02,1.11,5.36,1.33,4.66,2.21,13,83,13,3,10,1,7,10.95,2,5,p,voiceless,stop,0,1,0,0,0,0,1,0,0,0,0,0,0,517,,
PALESTRA,gym,3.50,1.00,6.73,0.76,6.00,1.06,6.52,0.93,15,49,97,13,84,1,0,11.19,3,8,p,voiceless,stop,0,1,0,0,0,0,1,0,0,0,0,0,0,511,,
PALMA,palm,3.75,1.01,5.77,1.43,6.02,1.27,4.98,2.27,30,38,30,19,11,0,4,10.79,2,5,p,voiceless,stop,0,1,0,0,0,0,1,0,0,0,0,0,0,509,,
PALO,pole,2.98,0.88,6.59,0.79,5.36,1.67,6.64,0.65,30,34,28,13,15,5,4,11.24,2,4,p,voiceless,stop,0,1,0,0,0,0,1,0,0,0,0,0,0,501,,
PALUDE,marsh,3.95,0.96,5.75,1.38,5.25,1.75,6.41,1.15,8,14,30,25,5,0,0,10.65,3,6,p,voiceless,stop,0,1,0,0,0,0,1,0,0,0,0,0,0,513,,
PANE,bread,1.52,0.73,6.93,0.25,6.61,0.84,6.91,0.29,264,167,213,91,122,26,2,11.42,2,4,p,voiceless,stop,0,1,0,0,0,0,1,0,0,0,0,0,0,579,,
PANNO,cloth,3.50,1.13,6.07,1.28,5.36,1.67,5.68,1.75,25,11,41,14,27,2,3,11.17,2,5,p,voiceless,stop,0,1,0,0,0,0,1,0,0,0,0,0,0,514,,
PARETE,wall,3.50,1.02,6.50,0.95,5.57,1.50,6.61,0.81,56,92,81,40,41,4,1,11.26,3,6,p,voiceless,stop,0,1,0,0,0,0,1,0,0,0,0,0,0,545,,
PAROLA,word,2.48,0.66,6.64,1.12,3.82,2.07,3.52,1.93,427,555,512,418,94,135,0,11.26,3,6,p,voiceless,stop,0,1,0,0,0,0,1,0,0,0,0,0,0,503,,
PARRUCCA,wig,3.73,0.97,6.30,1.09,5.66,1.38,4.75,2.37,4,14,19,16,3,0,0,10.36,3,8,p,voiceless,stop,0,1,0,0,0,0,1,0,0,0,0,0,0,487,,
PATATA,potato,2.18,0.81,6.77,0.77,6.27,1.25,6.61,1.08,1,25,66,28,38,2,1,11.32,3,6,p,voiceless,stop,0,1,0,0,0,0,1,0,0,0,0,0,0,516,,
PATENTE,driving licence,5.27,1.28,6.48,1.11,5.75,1.56,4.02,2.36,7,63,0,0,0,3,3,11.31,3,7,p,voiceless,stop,0,1,0,0,0,0,1,0,0,0,0,0,0,514,,
PATTO,pact,4.68,1.20,5.82,1.39,2.98,1.76,3.89,2.23,40,167,16,8,8,7,5,11.31,2,5,p,voiceless,stop,0,1,0,0,0,0,1,0,0,0,0,0,0,512,,
PATTUGLIA,patrol,5.30,1.27,5.18,1.51,4.45,1.53,5.84,1.57,20,55,0,0,0,2,0,10.67,3,9,p,voiceless,stop,0,1,0,0,0,0,1,0,0,0,0,0,0,544,,
PAURA,fear,2.23,1.16,6.70,0.76,3.77,1.96,4.55,2.52,492,639,591,201,390,63,1,10.68,3,5,p,voiceless,stop,0,1,0,0,0,0,1,0,0,0,0,0,0,514,,
PECORA,sheep,2.18,1.04,6.73,0.73,6.00,1.56,5.55,2.10,5,33,80,46,34,2,0,11.22,3,6,ap,voiceless,stop,0,1,0,0,0,0,1,0,0,0,0,0,0,513,,
PENTOLA,pot,3.11,1.08,6.61,0.69,6.18,1.26,4.68,2.50,34,35,52,31,21,2,1,11.37,3,7,ap,voiceless,stop,0,1,0,0,0,0,1,0,0,0,0,0,0,541,,
PEPE,pepper,3.18,0.87,6.43,1.09,5.61,1.33,6.73,0.54,19,108,20,9,11,1,2,10.82,2,4,p,voiceless,stop,0,1,0,0,0,0,1,0,0,0,0,0,0,493,,
PERICOLO,danger,2.82,1.24,6.55,0.98,3.45,2.04,4.27,2.08,121,250,133,84,49,12,0,11.21,4,8,ap,voiceless,stop,0,1,0,0,0,0,1,0,0,0,0,0,0,523,,
PERLA,pearl,3.52,1.05,5.86,1.39,6.02,1.34,6.73,0.73,25,11,26,11,15,1,0,11.17,2,5,p,voiceless,stop,0,1,0,0,0,0,1,0,0,0,0,0,0,526,,
PETTINE,comb,2.36,0.87,6.68,0.74,6.20,1.07,5.32,2.08,15,19,11,9,2,0,0,11.17,3,7,ap,voiceless,stop,0,1,0,0,0,0,1,0,0,0,0,0,0,529,,
PIANETA,planet,4.09,1.01,6.45,1.07,5.27,1.68,5.16,1.71,29,123,164,103,61,0,0,11.17,3,7,p,voiceless,stop,0,1,0,0,0,0,1,0,0,0,0,0,0,529,,
PICCO,peak,4.93,1.42,4.95,1.57,3.95,1.83,3.77,2.19,23,28,9,7,2,1,1,11.09,2,5,p,voiceless,stop,0,1,0,0,0,0,1,0,0,0,0,0,0,515,,
PIETRA,stone,2.66,0.81,6.68,0.64,6.14,1.25,5.52,1.69,136,131,210,108,102,8,0,10.99,2,6,p,voiceless,stop,0,1,0,0,0,0,1,0,0,0,0,0,0,513,,
PIGIAMA,pyjamas,2.07,0.79,6.66,0.78,5.95,1.33,4.50,2.57,10,12,26,13,13,2,1,10.79,3,7,p,voiceless,stop,0,1,0,0,0,0,1,0,0,0,0,0,0,539,,
PILLOLA,pill,3.68,1.09,6.18,1.15,5.57,1.56,4.82,2.12,8,32,13,6,7,0,0,11.12,3,7,ap,voiceless,stop,0,1,0,0,0,0,1,0,0,0,0,0,0,518,,
PINGUINO,penguin,2.89,0.95,6.23,1.01,6.16,1.06,6.52,1.07,1,0,19,17,2,1,0,10.69,3,8,p,voiceless,stop,0,1,0,0,0,0,1,0,0,0,0,0,0,591,,
PIOGGIA,rain,2.05,0.86,6.93,0.33,5.93,1.42,6.48,0.95,122,155,296,102,194,25,0,10.68,2,7,p,voiceless,stop,0,1,0,0,0,0,1,0,0,0,0,0,0,523,,
PIOMBO,lead,4.64,1.10,5.80,1.32,4.14,2.02,6.41,1.26,48,67,31,10,21,3,0,10.46,2,6,p,voiceless,stop,0,1,0,0,0,0,1,0,0,0,0,0,0,526,,
PIPA,pipe,3.18,1.23,5.98,1.27,6.16,1.40,6.41,0.87,18,16,26,25,1,1,4,10.68,2,4,p,voiceless,stop,0,1,0,0,0,0,1,0,0,0,0,0,0,504,,
PIRAMIDE,pyramid,4.09,0.91,5.95,1.26,6.11,1.08,4.41,2.60,6,16,8,3,5,3,0,10.76,4,8,ap,voiceless,stop,0,1,0,0,0,0,1,0,0,0,0,0,0,538,,
PISCINA,swimming pool,2.73,0.79,6.64,0.78,6.14,1.21,6.59,0.90,9,60,60,14,46,12,0,10.97,3,7,p,voiceless,stop,0,1,0,0,0,0,1,0,0,0,0,0,0,538,,
PISTOLA,pistol,3.23,0.96,6.59,0.92,6.00,1.45,6.75,0.81,44,214,47,15,32,7,1,11.17,3,7,p,voiceless,stop,0,1,0,0,0,0,1,0,0,0,0,0,0,548,,
PIUMA,feather,3.00,0.96,6.32,1.12,5.73,1.47,5.50,1.93,13,11,48,27,21,0,0,10.49,2,5,p,voiceless,stop,0,1,0,0,0,0,1,0,0,0,0,0,0,549,,
POLLICE,thumb,2.25,0.84,6.41,1.02,6.30,1.13,6.91,0.29,16,28,21,15,6,1,2,11.05,3,7,ap,voiceless,stop,0,1,0,0,0,0,1,0,0,0,0,0,0,513,,
POLPA,pulp,4.32,1.44,5.27,1.58,4.55,1.84,4.95,1.98,14,30,0,0,0,1,3,10.53,2,5,p,voiceless,stop,0,1,0,0,0,0,1,0,0,0,0,0,0,524,,
POLVERE,dust,2.84,0.78,6.59,0.84,4.89,2.09,4.61,2.01,83,129,61,33,28,4,0,10.85,3,7,ap,voiceless,stop,0,1,0,0,0,0,1,0,0,0,0,0,0,514,,
POMATA,ointment,3.36,1.37,5.95,1.51,5.59,1.35,6.64,1.04,1,0,0,0,0,0,1,11.18,3,6,p,voiceless,stop,0,1,0,0,0,0,1,0,0,0,0,0,0,534,,
PONTE,bridge,2.86,1.00,6.66,0.68,5.84,1.31,6.61,0.87,106,165,90,37,53,17,3,11.46,2,5,p,voiceless,stop,0,1,0,0,0,0,1,0,0,0,0,0,0,506,,
PONTEFICE,pope,5.25,1.26,5.66,1.40,5.41,1.62,6.23,1.31,15,39,0,0,0,0,0,10.71,4,9,ap,voiceless,stop,0,1,0,0,0,0,1,0,0,0,0,0,0,562,,
PRATO,meadow,2.07,0.70,6.95,0.21,6.36,0.94,6.50,0.90,45,75,334,105,229,7,2,11.39,2,5,p,voiceless,stop,0,1,0,0,0,0,1,0,0,0,0,0,0,489,,
PREDA,prey,4.43,1.23,5.75,1.43,4.14,1.81,4.48,1.80,55,89,35,29,6,1,1,11.09,2,5,p,voiceless,stop,0,1,0,0,0,0,1,0,0,0,0,0,0,498,,
PREFETTO,prefect,6.36,0.97,4.52,1.85,3.45,1.61,5.55,1.82,27,88,0,0,0,2,2,10.62,3,8,p,voiceless,stop,0,1,0,0,0,0,1,0,0,0,0,0,0,578,,
PREGIO,value,5.25,1.10,5.55,1.63,2.73,1.72,4.18,2.70,13,24,19,0,19,1,1,11.03,2,6,p,voiceless,stop,0,1,0,0,0,0,1,0,0,0,0,0,0,520,,
PRESTIGIO,prestige,5.50,1.34,5.41,1.66,2.52,1.61,3.20,2.04,20,75,0,0,0,0,0,10.97,3,9,p,voiceless,stop,0,1,0,0,0,0,1,0,0,0,0,0,0,516,,
PRETORE,magistrate,6.52,1.02,3.91,1.78,3.66,1.89,5.61,1.60,27,45,0,0,0,0,0,11.32,3,7,p,voiceless,stop,0,1,0,0,0,0,1,0,0,0,0,0,0,555,,
PRIGIONE,prison,3.52,1.09,6.50,0.93,5.48,1.41,4.14,2.21,50,72,61,37,24,3,0,11.02,3,8,p,voiceless,stop,0,1,0,0,0,0,1,0,0,0,0,0,0,528,,
PRINCIPE,prince,2.57,0.87,6.39,1.10,4.68,1.85,4.84,1.70,126,284,329,229,100,5,0,10.79,3,8,ap,voiceless,stop,0,1,0,0,0,0,1,0,0,0,0,0,0,516,,
PRINCIPIO,principle,4.98,1.17,5.59,1.60,2.68,1.85,4.02,2.80,79,230,14,11,3,33,0,10.75,3,9,p,voiceless,stop,0,1,0,0,0,0,1,0,0,0,0,0,0,577,,
PROBLEMA,problem,3.45,1.07,6.43,1.09,3.05,1.80,3.09,1.80,135,989,389,165,224,396,0,10.26,3,8,p,voiceless,stop,0,1,0,0,0,0,1,0,0,0,0,0,0,515,,
PROFITTO,profit,5.66,1.35,5.43,1.48,3.09,1.78,4.61,2.46,10,37,0,0,0,10,0,10.65,3,8,p,voiceless,stop,0,1,0,0,0,0,1,0,0,0,0,0,0,536,,
PROGRESSO,progress,5.41,1.04,5.86,1.44,3.20,1.90,2.14,1.21,30,76,21,18,3,7,1,10.77,3,9,p,voiceless,stop,0,1,0,0,0,0,1,0,0,0,0,0,0,539,,
PROSA,prose,5.32,1.27,4.41,1.98,3.50,1.97,4.93,2.29,25,26,0,0,0,2,2,11.10,2,5,p,voiceless,stop,0,1,0,0,0,0,1,0,0,0,0,0,0,508,,
PROVERBIO,proverb,4.05,1.12,5.80,1.44,3.39,2.12,4.73,2.48,22,29,29,11,18,2,0,10.59,3,9,p,voiceless,stop,0,1,0,0,0,0,1,0,0,0,0,0,0,561,,
PROVINCIA,province,4.95,1.14,5.80,1.58,3.25,1.84,4.93,2.24,145,335,38,22,16,63,0,10.84,3,9,p,voiceless,stop,0,1,0,0,0,0,1,0,0,0,0,0,0,527,,
PRUGNA,plum,3.20,1.17,5.98,1.41,6.07,1.11,6.82,0.76,4,5,0,0,0,0,0,10.24,2,6,p,voiceless,stop,0,1,0,0,0,0,1,0,0,0,0,0,0,532,,
PUGILE,boxer,3.86,1.00,6.41,1.02,5.68,1.47,6.20,1.29,9,27,0,0,0,0,0,10.51,3,6,ap,voiceless,stop,0,1,0,0,0,0,1,0,0,0,0,0,0,551,,
PUGNO,fist,2.77,1.03,6.43,1.07,5.23,1.55,4.89,1.81,70,112,49,22,27,0,0,10.37,2,5,p,voiceless,stop,0,1,0,0,0,0,1,0,0,0,0,0,0,549,,
PULPITO,pulpit,5.84,1.18,3.86,1.73,3.68,2.07,3.16,1.96,10,13,0,0,0,0,0,10.20,3,7,ap,voiceless,stop,0,1,0,0,0,0,1,0,0,0,0,0,0,554,,
QUADERNO,notebook,2.52,0.59,6.86,0.41,6.32,1.20,6.43,0.87,16,9,115,68,47,8,0,10.73,3,8,p,voiceless,stop,0,1,0,0,0,0,0,0,0,0,0,1,0,529,,
QUESTIONE,question,5.52,1.17,5.50,1.61,2.39,1.63,3.66,2.19,115,464,27,25,2,160,0,11.00,3,9,p,voiceless,stop,0,1,0,0,0,0,0,0,0,0,0,1,0,536,,
RABBIA,anger,4.25,1.30,6.41,1.04,3.70,2.08,2.73,1.69,79,162,35,23,12,1,2,10.47,2,6,p,voiced,liquid,1,0,0,0,0,1,0,0,0,0,1,0,0,508,,
RACCHETTA,racket,3.41,1.00,6.39,0.87,6.30,1.15,6.59,1.13,3,17,0,0,0,0,2,10.90,3,9,p,voiced,liquid,1,0,0,0,0,1,0,0,0,0,1,0,0,588,,
RAFFICA,gust,5.02,1.44,5.00,1.57,3.73,1.77,3.11,1.94,12,45,0,0,0,0,0,10.31,3,7,ap,voiced,liquid,1,0,0,0,0,1,0,0,0,0,1,0,0,554,,
RAGAZZO,boy,2.86,1.03,6.98,0.15,5.93,1.21,5.98,1.41,289,505,1031,596,435,44,1,10.04,3,7,p,voiced,liquid,1,0,0,0,0,1,0,0,0,0,1,0,0,513,,
RAGNO,spider,2.30,0.67,6.70,0.59,6.34,0.99,5.52,2.02,8,26,32,12,20,5,2,10.85,2,5,p,voiced,liquid,1,0,0,0,0,1,0,0,0,0,1,0,0,506,,
RANA,frog,2.57,0.73,6.39,1.32,6.20,1.13,4.84,2.47,15,15,145,70,75,0,2,11.35,2,4,p,voiced,liquid,1,0,0,0,0,1,0,0,0,0,1,0,0,533,,
RAPA,turnip,4.39,1.30,4.84,1.63,4.52,1.72,6.61,0.72,1,1,0,0,0,1,1,10.89,2,4,p,voiced,liquid,1,0,0,0,0,1,0,0,0,0,1,0,0,515,,
RATA,instalment,6.07,1.09,5.43,1.69,3.57,2.12,5.00,1.94,4,12,0,0,0,2,3,11.37,2,4,p,voiced,liquid,1,0,0,0,0,1,0,0,0,0,1,0,0,521,,
RAZZO,rocket,4.16,1.26,5.57,1.39,4.77,1.87,6.43,1.02,6,31,27,20,7,2,5,10.22,2,5,p,voiced,liquid,1,0,0,0,0,1,0,0,0,0,1,0,0,509,,
RELIGIONE,religion,3.66,1.14,6.52,1.19,3.16,1.99,4.41,2.55,39,133,23,9,14,42,0,11.00,4,9,p,voiced,liquid,1,0,0,0,0,1,0,0,0,0,1,0,0,573,,
RESIDUO,left-over,5.64,1.16,4.84,1.61,2.73,1.60,5.32,2.11,10,32,8,4,4,1,0,10.57,4,7,ap,voiced,liquid,1,0,0,0,0,1,0,0,0,0,1,0,0,536,,
RINGHIERA,railings,3.50,1.30,5.86,1.34,5.91,1.41,6.75,0.69,11,11,0,0,0,0,0,10.57,3,9,p,voiced,liquid,1,0,0,0,0,1,0,0,0,0,1,0,0,605,,
RISSA,brawl,5.07,1.32,5.91,1.24,4.70,1.56,3.89,1.65,19,29,0,0,0,1,1,10.97,2,5,p,voiced,liquid,1,0,0,0,0,1,0,0,0,0,1,0,0,495,,
RITMO,rhythm,4.61,1.17,6.09,1.14,3.84,1.93,3.20,1.69,95,195,18,14,4,4,1,10.05,2,5,p,voiced,liquid,1,0,0,0,0,1,0,0,0,0,1,0,0,528,,
RITO,rite,4.89,1.32,5.05,1.70,3.11,1.88,4.20,2.32,25,101,0,0,0,4,3,11.23,2,4,p,voiced,liquid,1,0,0,0,0,1,0,0,0,0,1,0,0,506,,
RIVA,shore,3.39,1.32,5.75,1.30,5.61,1.28,6.09,1.20,153,126,99,65,34,1,4,10.94,2,4,p,voiced,liquid,1,0,0,0,0,1,0,0,0,0,1,0,0,498,,
ROMANZO,novel,4.64,1.12,6.02,1.50,5.14,1.53,5.75,1.73,67,233,16,11,5,40,0,10.55,3,7,p,voiced,liquid,1,0,0,0,0,1,0,0,0,0,1,0,0,520,,
ROSPO,toad,2.89,0.92,6.18,1.24,5.66,1.60,6.89,0.32,13,10,0,0,0,2,2,10.79,2,5,p,voiced,liquid,1,0,0,0,0,1,0,0,0,0,1,0,0,509,,
ROVO,bramble,5.00,1.49,4.86,1.90,4.57,1.89,3.86,2.48,3,0,14,12,2,0,0,10.78,2,4,p,voiced,liquid,1,0,0,0,0,1,0,0,0,0,1,0,0,507,,
RUBINETTO,tap,2.70,0.82,6.68,0.67,6.07,1.34,6.45,1.02,7,14,13,10,3,3,0,10.41,4,9,p,voiced,liquid,1,0,0,0,0,1,0,0,0,0,1,0,0,570,,
RUGA,wrinkle,4.55,1.25,6.14,1.11,4.84,1.67,4.66,2.07,8,10,16,8,8,1,1,9.85,2,4,p,voiced,liquid,1,0,0,0,0,1,0,0,0,0,1,0,0,513,,
RUGGINE,rust,4.20,1.23,5.84,1.27,5.09,1.60,6.34,1.45,8,10,0,0,0,0,0,10.20,3,7,ap,voiced,liquid,1,0,0,0,0,1,0,0,0,0,1,0,0,505,,
RUMORE,noise,2.52,1.02,6.75,0.61,4.82,2.11,4.59,1.83,64,143,245,128,117,1,1,10.47,3,6,p,voiced,liquid,1,0,0,0,0,1,0,0,0,0,1,0,0,508,,
SABBIA,sand,2.16,0.78,6.82,0.50,6.39,0.92,6.91,0.29,60,86,119,50,69,6,2,10.54,2,6,p,voiceless,fricative,0,0,0,1,0,0,0,0,0,0,1,0,0,524,,
SACERDOTE,priest,4.11,1.22,5.86,1.46,5.52,1.58,5.86,1.47,59,69,18,9,9,6,0,10.75,4,9,p,voiceless,fricative,0,0,0,1,0,0,0,0,0,0,1,0,0,575,,
SANGUE,blood,2.18,0.72,6.77,0.71,5.66,1.58,6.64,0.87,449,478,138,85,53,11,0,10.71,2,6,p,voiceless,fricative,0,0,0,1,0,0,0,0,0,0,1,0,0,552,,
SAPONE,soap,2.02,0.66,6.74,0.73,6.07,1.35,5.57,1.69,23,21,26,16,10,8,0,11.08,3,6,p,voiceless,fricative,0,0,0,1,0,0,0,0,0,0,1,0,0,515,,
SATELLITE,satellite,5.45,1.25,5.11,1.73,4.73,1.87,5.20,1.77,10,38,23,21,2,0,0,11.19,4,9,ap,voiceless,fricative,0,0,0,1,0,0,0,0,0,0,1,0,0,572,,
SBORNIA,drunkenness,5.75,1.37,5.59,1.53,4.50,1.95,3.55,1.73,6,12,0,0,0,0,0,10.24,2,7,p,voiced,fricative,1,0,0,1,0,0,0,0,0,0,1,0,0,563,,
SCAFFALE,shelf,4.14,1.00,5.82,1.37,5.39,1.50,5.84,1.46,3,6,20,10,10,3,0,10.51,3,8,p,voiceless,fricative,0,0,0,1,0,0,0,0,0,0,1,0,0,606,,
SCAFO,hull,5.32,1.22,4.45,1.85,4.77,1.88,4.66,2.24,3,8,0,0,0,0,2,10.48,2,5,p,voiceless,fricative,0,0,0,1,0,0,0,0,0,0,1,0,0,588,,
SCANDALO,scandal,5.41,1.28,6.20,0.98,2.84,1.68,4.61,2.52,52,174,0,0,0,3,0,11.05,3,8,ap,voiceless,fricative,0,0,0,1,0,0,0,0,0,0,1,0,0,605,,
SCAPOLO,bachelor,5.45,1.32,5.48,1.59,3.93,2.00,5.20,2.17,10,16,0,0,0,1,1,10.82,3,7,ap,voiceless,fricative,0,0,0,1,0,0,0,0,0,0,1,0,0,616,,
SCATOLA,box,2.73,0.66,6.61,0.87,5.84,1.43,6.70,0.67,20,68,137,82,55,18,1,11.24,3,7,ap,voiceless,fricative,0,0,0,1,0,0,0,0,0,0,1,0,0,610,,
SCHELETRO,skeleton,3.52,0.98,6.57,0.79,5.77,1.70,6.11,1.33,67,15,34,21,13,0,0,11.04,3,9,ap,voiceless,fricative,0,0,0,1,0,0,0,0,0,0,1,0,0,637,,
SCHIAFFO,slap,2.41,0.79,6.52,1.00,5.41,1.92,6.14,1.41,17,19,13,1,12,1,0,10.33,2,8,p,voiceless,fricative,0,0,0,1,0,0,0,0,0,0,1,0,0,621,,
SCHIAVO,slave,4.09,0.88,6.11,1.33,4.25,1.98,5.23,1.70,21,19,40,36,4,5,0,10.91,2,7,p,voiceless,fricative,0,0,0,1,0,0,0,0,0,0,1,0,0,625,,
SCHIENA,back,3.02,1.19,6.75,0.65,5.91,1.33,5.09,2.17,94,125,61,24,37,5,1,11.00,2,7,p,voiceless,fricative,0,0,0,1,0,0,0,0,0,0,1,0,0,615,,
SCHIUMA,foam,2.61,1.06,6.41,1.02,6.00,1.20,5.75,1.43,13,18,76,7,69,0,1,10.52,2,7,p,voiceless,fricative,0,0,0,1,0,0,0,0,0,0,1,0,0,632,,
SCIENZA,science,4.16,1.10,6.05,1.43,2.86,1.91,2.75,1.59,54,227,87,51,36,15,0,10.72,2,7,p,voiceless,fricative,0,0,0,1,0,0,0,0,0,0,1,0,0,548,,
SCIMMIA,monkey,2.32,0.91,6.64,0.84,6.27,1.19,6.48,0.95,6,23,76,54,22,1,0,10.75,2,7,p,voiceless,fricative,0,0,0,1,0,0,0,0,0,0,1,0,0,553,,
SCIROCCO,sirocco,5.57,1.19,4.30,1.81,3.75,1.84,5.55,1.95,8,2,0,0,0,0,0,10.78,3,8,p,voiceless,fricative,0,0,0,1,0,0,0,0,0,0,1,0,0,594,,
SCIROPPO,syrup,2.48,1.00,6.14,1.19,5.52,1.64,4.57,2.42,3,16,0,0,0,8,0,10.55,3,8,p,voiceless,fricative,0,0,0,1,0,0,0,0,0,0,1,0,0,559,,
SCORPIONE,scorpion,4.41,1.44,6.00,1.36,5.34,1.83,5.70,1.68,3,17,13,7,6,0,0,10.84,3,9,p,voiceless,fricative,0,0,0,1,0,0,0,0,0,0,1,0,0,619,,
SCRUPOLO,scruple,5.75,1.30,5.05,1.71,2.77,1.78,4.14,2.70,6,10,0,0,0,1,0,10.20,3,8,ap,voiceless,fricative,0,0,0,1,0,0,0,0,0,0,1,0,0,516,,
SCUDO,shield,3.36,1.20,5.77,1.44,5.20,1.34,5.86,1.61,22,31,31,20,11,0,1,10.44,2,5,p,voiceless,fricative,0,0,0,1,0,0,0,0,0,0,1,0,0,600,,
SCUOLA,school,2.20,0.63,6.89,0.54,6.14,1.11,6.32,1.14,150,684,1823,428,1395,149,0,10.83,2,6,p,voiceless,fricative,0,0,0,1,0,0,0,0,0,0,1,0,0,597,,
SECCHIO,pail,2.84,0.78,6.50,0.88,6.36,1.12,6.75,0.81,19,5,30,19,11,0,1,10.89,2,7,p,voiceless,fricative,0,0,0,1,0,0,0,0,0,1,0,0,0,540,,
SEDE,seat,5.18,1.28,5.61,1.57,3.16,1.64,4.80,2.12,85,349,19,16,3,42,3,11.27,2,4,p,voiceless,fricative,0,0,0,1,0,0,0,0,0,1,0,0,0,506,,
SEDIA,chair,1.91,0.68,6.82,0.50,6.32,1.07,6.59,1.00,65,83,119,44,75,6,1,11.26,2,5,p,voiceless,fricative,0,0,0,1,0,0,0,0,0,1,0,0,0,555,,
SEME,seed,3.11,0.81,6.20,1.11,5.02,1.65,6.50,1.25,26,36,70,50,20,2,1,11.19,2,4,p,voiceless,fricative,0,0,0,1,0,0,0,0,0,1,0,0,0,544,,
SENO,breast,3.68,1.43,6.73,0.73,6.36,1.12,6.77,0.52,87,107,0,0,0,0,2,11.60,2,4,p,voiceless,fricative,0,0,0,1,0,0,0,0,0,1,0,0,0,534,,
SENTIERO,path,3.73,1.02,6.20,1.13,5.48,1.39,5.86,1.49,39,40,62,25,37,0,0,11.27,3,8,p,voiceless,fricative,0,0,0,1,0,0,0,0,0,1,0,0,0,557,,
SERA,evening,2.30,0.76,6.89,0.32,5.48,1.61,5.43,1.96,924,1217,808,218,590,180,4,11.68,2,4,p,voiceless,fricative,0,0,0,1,0,0,0,0,0,1,0,0,0,544,,
SERGENTE,sergeant,5.14,1.41,5.36,1.66,4.30,1.98,5.20,1.46,31,31,12,12,0,0,0,10.92,3,8,p,voiceless,fricative,0,0,0,1,0,0,0,0,0,1,0,0,0,580,,
SERPENTE,snake,2.52,0.90,6.59,0.73,6.27,1.02,5.86,1.47,35,27,89,65,24,0,0,10.99,3,8,p,voiceless,fricative,0,0,0,1,0,0,0,0,0,1,0,0,0,548,,
SETA,silk,4.02,1.23,6.11,1.15,5.02,1.84,6.45,0.95,79,113,27,20,7,22,3,11.38,2,4,p,voiceless,fricative,0,0,0,1,0,0,0,0,0,1,0,0,0,530,,
SIGARO,cigar,4.14,1.21,6.20,1.36,6.09,1.36,6.77,0.48,14,17,0,0,0,3,0,10.88,3,6,ap,voiceless,fricative,0,0,0,1,0,0,0,0,0,1,0,0,0,565,,
SILENZIO,silence,2.43,0.93,6.59,1.17,4.14,2.27,4.89,2.42,337,364,112,89,23,32,0,10.97,3,8,p,voiceless,fricative,0,0,0,1,0,0,0,0,0,1,0,0,0,545,,
SILLABA,syllable,3.77,0.94,4.89,1.78,3.52,2.13,5.32,2.03,4,6,9,6,3,0,0,10.88,3,7,ap,voiceless,fricative,0,0,0,1,0,0,0,0,0,1,0,0,0,556,,
SIMBOLO,symbol,4.89,0.99,5.57,1.47,3.25,1.73,3.16,1.92,38,194,43,35,8,11,0,10.50,3,7,ap,voiceless,fricative,0,0,0,1,0,0,0,0,0,1,0,0,0,563,,
SINTOMO,symptom,5.64,1.06,4.86,1.77,2.91,1.93,4.95,2.25,7,30,11,10,1,1,0,11.22,3,7,ap,voiceless,fricative,0,0,0,1,0,0,0,0,0,1,0,0,0,555,,
SOFFITTO,ceiling,3.02,0.82,6.43,0.82,5.70,1.41,6.52,0.90,31,51,26,14,12,4,0,10.47,3,8,p,voiceless,fricative,0,0,0,1,0,0,0,0,0,1,0,0,0,543,,
SOGLIOLA,sole,3.93,1.48,5.55,1.68,5.80,1.62,6.70,0.88,2,5,0,0,0,0,0,10.97,3,8,ap,voiceless,fricative,0,0,0,1,0,0,0,0,0,1,0,0,0,612,,
SONNO,sleep,1.91,0.88,6.70,0.73,5.00,2.00,4.68,2.05,245,177,114,74,40,13,4,11.28,2,5,p,voiceless,fricative,0,0,0,1,0,0,0,0,0,1,0,0,0,536,,
SORELLA,sister,1.77,0.68,6.98,0.15,5.55,1.55,4.57,1.84,323,241,825,84,741,37,0,11.43,3,7,p,voiceless,fricative,0,0,0,1,0,0,0,0,0,1,0,0,0,536,,
SORSO,sip,3.41,1.47,5.77,1.31,3.89,1.87,5.68,1.95,11,10,7,6,1,0,4,11.07,2,5,p,voiceless,fricative,0,0,0,1,0,0,0,0,0,1,0,0,0,554,,
SPADA,sword,2.50,0.85,6.41,1.13,5.75,1.56,6.43,1.09,45,51,52,32,20,3,0,10.80,2,5,p,voiceless,fricative,0,0,0,1,0,0,0,0,0,1,0,0,0,591,,
SPECCHIO,mirror,2.52,0.76,6.68,0.74,6.30,0.95,6.25,1.20,84,114,92,66,26,4,1,10.75,2,8,p,voiceless,fricative,0,0,0,1,0,0,0,0,0,1,0,0,0,606,,
SPIAGGIA,beach,2.18,0.95,6.82,0.45,6.50,0.76,6.39,1.08,54,162,112,45,67,10,0,10.63,2,8,p,voiceless,fricative,0,0,0,1,0,0,0,0,0,1,0,0,0,593,,
SPIEDO,spit,4.77,1.26,5.23,1.60,5.02,1.70,5.59,1.54,4,2,0,0,0,0,0,10.70,2,6,p,voiceless,fricative,0,0,0,1,0,0,0,0,0,1,0,0,0,629,,
SPIGOLO,edge,3.41,1.11,5.89,1.35,5.00,1.86,4.77,1.99,8,2,0,0,0,0,1,10.49,3,7,ap,voiceless,fricative,0,0,0,1,0,0,0,0,0,1,0,0,0,642,,
SPUGNA,sponge,2.77,0.74,6.32,0.98,5.93,1.42,6.70,0.63,17,35,18,12,6,0,0,10.22,2,6,p,voiceless,fricative,0,0,0,1,0,0,0,0,0,1,0,0,0,609,,
SQUALO,shark,3.27,0.92,6.52,1.02,6.20,1.30,6.91,0.36,2,7,28,8,20,0,0,10.42,2,6,p,voiceless,fricative,0,0,0,1,0,0,0,0,0,1,0,0,0,596,,
STAFFA,stiurrup,5.50,1.23,4.34,1.89,3.93,1.91,6.36,1.28,1,5,0,0,0,0,1,10.52,2,6,p,voiceless,fricative,0,0,0,1,0,0,0,0,0,1,0,0,0,599,,
STAGIONE,season,3.20,0.93,6.66,0.83,4.27,2.00,3.20,1.80,173,509,202,63,139,9,0,11.15,3,8,p,voiceless,fricative,0,0,0,1,0,0,0,0,0,1,0,0,0,577,,
STALLA,cattleshed,2.80,0.93,6.25,1.16,5.75,1.30,6.20,1.15,36,9,54,21,33,0,2,11.49,2,6,p,voiceless,fricative,0,0,0,1,0,0,0,0,0,1,0,0,0,580,,
STANZA,room,2.50,0.79,6.82,0.45,5.77,1.44,6.34,1.24,271,363,280,119,161,1,0,11.03,2,6,p,voiceless,fricative,0,0,0,1,0,0,0,0,0,1,0,0,0,573,,
STATUA,statue,3.16,0.81,6.55,0.82,5.95,1.12,6.64,0.72,45,52,58,25,33,7,0,11.13,2,6,p,voiceless,fricative,0,0,0,1,0,0,0,0,0,1,0,0,0,583,,
STILE,style,5.16,1.36,5.75,1.42,2.82,1.82,3.80,2.25,45,322,20,11,9,10,1,11.40,2,5,p,voiceless,fricative,0,0,0,1,0,0,0,0,0,1,0,0,0,627,,
STOMACO,stomach,3.43,1.02,6.41,0.97,4.89,1.86,6.50,0.85,80,74,37,31,6,3,0,11.17,3,7,ap,voiceless,fricative,0,0,0,1,0,0,0,0,0,1,0,0,0,595,,
STRADA,road,2.39,0.99,6.89,0.44,6.55,0.76,6.41,0.97,595,979,794,311,483,72,0,11.10,2,6,p,voiceless,fricative,0,0,0,1,0,0,0,0,0,1,0,0,0,595,,
STRAGE,slaughter,5.07,1.17,6.16,1.26,4.57,1.89,3.52,1.95,46,113,13,11,2,9,0,10.93,2,6,p,voiceless,fricative,0,0,0,1,0,0,0,0,0,1,0,0,0,618,,
STRATO,layer,5.14,1.19,5.41,1.56,3.57,1.63,3.77,1.84,19,48,53,47,6,3,1,11.40,2,6,p,voiceless,fricative,0,0,0,1,0,0,0,0,0,1,0,0,0,613,,
SUGO,sauce,2.43,0.87,6.57,0.95,5.84,1.48,6.43,1.02,9,18,13,4,9,0,0,10.34,2,4,p,voiceless,fricative,0,0,0,1,0,0,0,0,0,1,0,0,0,554,,
SUOLO,ground,4.61,1.38,5.95,1.28,4.73,1.80,5.09,1.60,57,106,63,31,32,2,1,10.92,2,5,p,voiceless,fricative,0,0,0,1,0,0,0,0,0,1,0,0,0,552,,
SUORA,nun,2.73,0.73,6.45,1.09,5.73,1.56,6.20,1.15,23,23,20,6,14,2,1,11.15,2,5,p,voiceless,fricative,0,0,0,1,0,0,0,0,0,1,0,0,0,543,,
TALENTO,talent,5.39,1.20,5.52,1.77,2.80,1.73,2.18,1.48,17,98,11,9,2,0,0,11.33,3,7,p,voiceless,stop,0,1,0,0,0,0,0,0,1,0,0,0,0,533,,
TALPA,mole,3.30,0.98,5.95,1.26,5.23,1.99,6.80,0.67,9,7,17,6,11,0,0,10.59,2,5,p,voiceless,stop,0,1,0,0,0,0,0,0,1,0,0,0,0,511,,
TAMBURO,drum,3.95,4.74,6.16,1.12,5.91,1.29,6.70,0.76,9,15,25,17,8,0,0,10.32,3,7,p,voiceless,stop,0,1,0,0,0,0,0,0,1,0,0,0,0,513,,
TANA,lair,3.45,1.07,5.61,1.54,5.30,1.50,6.07,1.44,10,21,78,47,31,0,4,11.40,2,4,p,voiceless,stop,0,1,0,0,0,0,0,0,1,0,0,0,0,530,,
TAPPETO,carpet,2.91,0.77,6.50,0.88,6.09,1.29,6.75,0.49,28,68,71,33,38,40,1,10.72,3,7,p,voiceless,stop,0,1,0,0,0,0,0,0,1,0,0,0,0,531,,
TARGA,plate,3.84,1.01,6.55,0.76,5.77,1.65,6.73,0.66,16,32,25,22,3,0,1,10.61,2,5,p,voiceless,stop,0,1,0,0,0,0,0,0,1,0,0,0,0,523,,
TARIFFA,tariff,5.80,1.30,5.14,1.65,3.07,1.87,2.93,1.74,2,8,0,0,0,2,0,10.52,3,7,p,voiceless,stop,0,1,0,0,0,0,0,0,1,0,0,0,0,521,,
TARTARUGA,tortoise,2.57,0.90,6.45,0.95,6.45,1.02,6.48,1.00,14,21,57,31,26,3,0,10.44,4,9,p,voiceless,stop,0,1,0,0,0,0,0,0,1,0,0,0,0,542,,
TASSELLO,piece,5.86,1.25,4.16,1.64,3.45,1.69,6.02,1.55,2,10,0,0,0,1,0,10.98,3,8,p,voiceless,stop,0,1,0,0,0,0,0,0,1,0,0,0,0,549,,
TATTO,tact,4.00,1.22,5.95,1.43,3.43,1.91,4.95,1.89,18,12,0,0,0,1,8,11.32,2,5,p,voiceless,stop,0,1,0,0,0,0,0,0,1,0,0,0,0,543,,
TAVERNA,tavern,5.14,1.19,5.20,1.46,5.48,1.52,4.41,2.31,10,10,0,0,0,0,1,10.95,3,7,p,voiceless,stop,0,1,0,0,0,0,0,0,1,0,0,0,0,534,,
TAVOLO,table,1.98,0.79,6.82,0.76,6.16,1.12,6.61,0.92,155,271,129,54,75,34,2,10.92,3,6,ap,voiceless,stop,0,1,0,0,0,0,0,0,1,0,0,0,0,511,,
TELA,cloth,4.20,1.27,6.00,1.20,4.86,1.73,5.80,1.44,57,64,50,34,16,1,6,11.42,2,4,p,voiceless,stop,0,1,0,0,0,0,0,0,1,0,0,0,0,535,,
TENEBRA,darkness,5.07,1.26,5.27,1.63,4.05,2.06,4.91,2.25,31,2,15,12,3,1,0,10.72,3,7,ap,voiceless,stop,0,1,0,0,0,0,0,0,1,0,0,0,0,592,,
TESTA,head,2.14,1.13,6.98,0.15,5.98,1.44,6.48,1.00,635,969,467,287,180,47,4,11.30,2,5,p,voiceless,stop,0,1,0,0,0,0,0,0,1,0,0,0,0,523,,
TETTO,roof,2.57,0.79,6.70,0.70,6.07,1.52,6.64,0.75,72,119,129,97,32,9,2,11.17,2,5,p,voiceless,stop,0,1,0,0,0,0,0,0,1,0,0,0,0,561,,
TIMONE,tiller,4.39,1.24,5.57,1.68,5.36,1.66,6.25,1.10,18,31,0,0,0,1,3,11.05,3,6,p,voiceless,stop,0,1,0,0,0,0,0,0,1,0,0,0,0,560,,
TIPO,type,4.32,1.16,5.91,1.57,2.23,1.63,4.18,2.76,164,746,275,152,123,285,2,10.69,2,4,p,voiceless,stop,0,1,0,0,0,0,0,0,1,0,0,0,0,552,,
TIRANNO,tyrant,5.18,1.37,5.00,1.79,3.73,1.85,4.16,1.61,8,11,0,0,0,2,0,10.98,3,7,p,voiceless,stop,0,1,0,0,0,0,0,0,1,0,0,0,0,551,,
TIZIO,bloke,4.84,1.29,5.50,1.56,3.07,1.86,4.82,2.45,11,22,0,0,0,8,1,10.65,2,5,p,voiceless,stop,0,1,0,0,0,0,0,0,1,0,0,0,0,564,,
TOPO,mouse,2.02,0.79,6.82,0.39,6.11,1.40,6.98,0.15,10,33,204,153,51,2,3,10.95,2,4,p,voiceless,stop,0,1,0,0,0,0,0,0,1,0,0,0,0,505,,
TORDO,thrush,5.27,1.37,3.93,1.95,3.52,2.10,6.32,1.41,1,3,0,0,0,0,6,10.96,2,5,p,voiceless,stop,0,1,0,0,0,0,0,0,1,0,0,0,0,523,,
TORO,bull,2.70,1.07,6.59,1.00,6.11,1.22,6.68,0.83,10,97,70,39,31,2,6,11.37,2,4,p,voiceless,stop,0,1,0,0,0,0,0,0,1,0,0,0,0,527,,
TORRE,tower,3.20,1.07,6.27,1.25,6.20,0.95,6.68,0.64,47,93,68,39,29,3,0,11.17,2,5,p,voiceless,stop,0,1,0,0,0,0,0,0,1,0,0,0,0,490,,
TORTA,pie,1.93,0.66,6.84,0.53,6.55,0.79,6.70,0.67,12,55,163,62,101,9,6,11.20,2,5,p,voiceless,stop,0,1,0,0,0,0,0,0,1,0,0,0,0,516,,
TOSSE,cough,2.14,0.70,6.52,0.88,5.07,1.87,4.91,1.97,13,16,53,4,49,1,0,11.14,2,5,p,voiceless,stop,0,1,0,0,0,0,0,0,1,0,0,0,0,509,,
TOVAGLIA,tablecloth,2.50,1.11,6.57,0.90,6.18,1.21,6.23,1.20,22,17,0,0,0,3,0,10.79,3,8,p,voiceless,stop,0,1,0,0,0,0,0,0,1,0,0,0,0,529,,
TRAGEDIA,tragedy,5.02,1.25,5.91,1.34,3.75,1.83,4.61,2.40,32,158,29,17,12,17,0,10.73,3,8,p,voiceless,stop,0,1,0,0,0,0,0,0,1,0,0,0,0,548,,
TRAPPOLA,trap,3.89,1.13,6.20,1.19,4.68,1.47,3.75,2.32,24,47,48,33,15,2,0,10.75,3,8,ap,voiceless,stop,0,1,0,0,0,0,0,0,1,0,0,0,0,524,,
TRAVE,beam,4.84,1.26,5.63,1.38,5.34,1.60,6.41,0.95,5,6,0,0,0,1,0,11.11,2,5,p,voiceless,stop,0,1,0,0,0,0,0,0,1,0,0,0,0,515,,
TREGUA,truce,5.48,1.27,5.41,1.69,3.02,1.61,4.48,2.30,31,46,9,4,5,2,0,10.67,2,6,p,voiceless,stop,0,1,0,0,0,0,0,0,1,0,0,0,0,535,,
TRENO,train,2.55,0.95,6.91,0.29,6.55,0.79,5.30,2.19,187,187,150,74,76,29,2,11.37,2,5,p,voiceless,stop,0,1,0,0,0,0,0,0,1,0,0,0,0,525,,
TROMBA,trumpet,3.16,1.20,6.11,1.19,6.05,1.12,5.89,1.56,20,17,32,27,5,0,0,10.51,2,6,p,voiceless,stop,0,1,0,0,0,0,0,0,1,0,0,0,0,509,,
TRONO,throne,3.52,1.17,5.52,1.56,4.93,1.84,5.59,1.57,24,73,26,16,10,0,4,11.32,2,5,p,voiceless,stop,0,1,0,0,0,0,0,0,1,0,0,0,0,542,,
TROTA,trout,3.80,1.13,5.93,1.56,5.68,1.57,6.59,1.04,6,12,13,3,10,0,1,10.99,2,5,p,voiceless,stop,0,1,0,0,0,0,0,0,1,0,0,0,0,515,,
TURNO,shift,4.57,1.26,5.86,1.49,2.50,1.75,4.16,2.35,41,233,45,22,23,4,1,10.62,2,5,p,voiceless,stop,0,1,0,0,0,0,0,0,1,0,0,0,0,503,,
TUTA,overalls,2.98,0.76,6.55,1.00,5.63,1.57,5.16,2.13,3,33,46,15,31,8,2,10.95,2,4,p,voiceless,stop,0,1,0,0,0,0,0,0,1,0,0,0,0,527,,
UFFICIO,office,3.59,1.15,6.75,0.65,5.36,1.74,6.07,1.34,238,475,87,51,36,109,0,10.14,3,7,p,voiced,vowel,1,0,0,0,0,0,0,0,0,0,0,0,1,517,,
UOMO,man,2.34,1.06,6.89,0.62,6.09,1.22,5.98,1.49,1068,2000,1205,677,528,143,4,10.74,2,4,p,voiced,glide,1,0,0,0,0,0,0,0,0,0,0,0,1,523,,
UOVO,egg,2.11,0.69,6.89,0.39,6.39,1.06,6.70,1.02,21,48,181,107,74,3,3,10.59,2,4,p,voiced,glide,1,0,0,0,0,0,0,0,0,0,0,0,1,499,,
URAGANO,hurricane,4.59,1.06,5.86,1.34,4.73,1.76,3.89,2.05,14,12,12,11,1,0,0,10.76,4,7,p,voiced,vowel,1,0,0,0,0,0,0,0,0,0,0,0,1,510,,
URNA,urn,5.84,1.22,4.23,1.82,4.80,1.81,5.68,1.57,13,11,0,0,0,2,0,10.60,2,4,p,voiced,vowel,1,0,0,0,0,0,0,0,0,0,0,0,1,493,,
USIGNOLO,nightingale,3.98,1.30,4.98,1.87,5.39,1.62,5.43,1.81,11,3,8,7,1,0,0,10.54,4,8,p,voiced,vowel,1,0,0,0,0,0,0,0,0,0,0,0,1,580,,
VAGONE,carriage,3.66,1.10,6.09,1.14,6.02,1.30,5.50,1.84,7,14,16,10,6,0,1,10.75,3,6,p,voiced,fricative,1,0,0,1,0,0,0,1,0,0,0,0,0,525,,
VALANGA,avalanche,4.34,1.01,6.07,1.15,5.23,1.68,6.16,1.26,7,36,15,9,6,1,0,10.82,3,7,p,voiced,fricative,1,0,0,1,0,0,0,1,0,0,0,0,0,516,,
VALIGIA,suitcase,2.95,0.83,6.70,0.73,6.20,1.21,6.86,0.41,50,56,32,15,17,3,0,10.87,3,7,p,voiced,fricative,1,0,0,1,0,0,0,1,0,0,0,0,0,532,,
VALVOLA,valve,5.84,1.33,4.66,1.85,4.00,2.01,5.25,1.82,1,19,0,0,0,0,0,10.60,3,7,ap,voiced,fricative,1,0,0,1,0,0,0,1,0,0,0,0,0,541,,
VANTAGGIO,advantage,4.66,1.14,6.05,1.16,2.50,1.59,4.34,2.56,71,203,17,15,2,15,0,10.81,3,9,p,voiced,fricative,1,0,0,1,0,0,0,1,0,0,0,0,0,497,,
VAPORE,vapour,3.70,1.09,5.98,1.30,5.05,1.55,6.05,1.48,40,40,55,46,9,27,2,10.98,3,6,p,voiced,fricative,1,0,0,1,0,0,0,1,0,0,0,0,0,510,,
VASCA,basin,2.55,1.02,6.50,0.82,5.73,1.44,6.50,1.17,16,53,42,14,28,0,2,10.86,2,5,p,voiced,fricative,1,0,0,1,0,0,0,1,0,0,0,0,0,510,,
VASO,pot,2.73,0.85,6.73,0.79,6.23,1.22,6.52,1.00,26,54,119,82,37,4,3,10.98,2,4,p,voiced,fricative,1,0,0,1,0,0,0,1,0,0,0,0,0,503,,
VASSOIO,tray,3.59,1.17,6.00,1.41,5.82,1.57,6.25,1.18,13,19,18,16,2,5,0,10.71,3,7,p,voiced,fricative,1,0,0,1,0,0,0,1,0,0,0,0,0,540,,
VEDOVO,widower,4.86,1.36,6.14,1.41,3.86,2.12,5.64,1.79,9,16,0,0,0,1,1,10.60,3,6,ap,voiced,fricative,1,0,0,1,0,0,0,1,0,0,0,0,0,529,,
VELA,sail,3.48,1.28,6.23,1.05,6.00,1.28,6.77,0.68,44,52,29,25,4,2,5,11.31,2,4,p,voiced,fricative,1,0,0,1,0,0,0,1,0,0,0,0,0,517,,
VELENO,poison,3.48,1.11,6.59,0.76,4.34,2.12,5.11,1.82,35,48,49,17,32,2,0,11.25,3,6,p,voiced,fricative,1,0,0,1,0,0,0,1,0,0,0,0,0,497,,
VELLUTO,velvet,3.91,1.24,5.91,1.20,5.41,1.67,6.57,0.73,34,39,16,6,10,0,0,10.86,3,7,p,voiced,fricative,1,0,0,1,0,0,0,1,0,0,0,0,0,508,,
VENDETTA,revenge,4.80,1.30,6.14,1.25,2.98,1.82,4.45,2.46,31,95,15,11,4,0,0,11.03,3,8,p,voiced,fricative,1,0,0,1,0,0,0,1,0,0,0,0,0,508,,
VENTO,wind,2.16,0.68,6.75,0.58,5.11,1.94,5.52,1.55,363,309,413,219,194,30,6,11.30,2,5,p,voiced,fricative,1,0,0,1,0,0,0,1,0,0,0,0,0,506,,
VERME,worm,2.59,0.97,6.55,0.90,6.02,1.41,4.64,2.40,9,17,62,28,34,0,4,10.96,2,5,p,voiced,fricative,1,0,0,1,0,0,0,1,0,0,0,0,0,519,,
VERNICE,paint,3.55,1.02,6.34,0.94,5.43,1.65,4.45,2.56,11,25,14,9,5,14,2,10.79,3,7,p,voiced,fricative,1,0,0,1,0,0,0,1,0,0,0,0,0,521,,
VERTIGINE,dizziness,5.09,1.44,5.18,1.73,3.41,1.94,3.18,1.77,5,7,0,0,0,0,0,10.86,4,9,ap,voiced,fricative,1,0,0,1,0,0,0,1,0,0,0,0,0,521,,
VESCOVO,bishop,4.77,1.24,5.75,1.48,5.02,1.86,5.93,1.25,26,59,6,3,3,3,0,10.79,3,7,ap,voiced,fricative,1,0,0,1,0,0,0,1,0,0,0,0,0,527,,
VETRO,glass,2.82,0.87,6.66,0.75,5.82,1.67,6.61,0.69,71,145,176,81,95,14,2,10.96,2,5,p,voiced,fricative,1,0,0,1,0,0,0,1,0,0,0,0,0,510,,
VETTA,summit,4.43,1.30,5.86,1.37,5.55,1.44,5.70,1.58,18,36,17,15,2,0,4,11.07,2,5,p,voiced,fricative,1,0,0,1,0,0,0,1,0,0,0,0,0,515,,
VICENDA,story,5.16,1.03,5.23,1.74,2.59,1.74,3.91,2.28,77,380,41,21,20,20,0,10.83,3,7,p,voiced,fricative,1,0,0,1,0,0,0,1,0,0,0,0,0,515,,
VINO,wine,2.89,1.06,6.84,0.48,6.09,1.48,5.02,2.13,378,233,86,42,44,18,4,11.24,2,4,p,voiced,fricative,1,0,0,1,0,0,0,1,0,0,0,0,0,517,,
VIPERA,viper,3.14,0.82,6.14,0.98,6.07,1.23,4.75,2.51,14,5,14,7,7,1,0,10.83,3,6,ap,voiced,fricative,1,0,0,1,0,0,0,1,0,0,0,0,0,515,,
VITTIMA,victim,4.80,1.23,5.91,1.38,3.84,1.83,4.93,2.00,55,293,18,12,6,2,0,10.84,3,7,ap,voiced,fricative,1,0,0,1,0,0,0,1,0,0,0,0,0,517,,
VIZIO,vice,4.55,1.27,6.09,1.20,2.75,1.95,4.57,2.54,38,41,23,5,18,5,1,10.49,2,5,p,voiced,fricative,1,0,0,1,0,0,0,1,0,0,0,0,0,509,,
VOCE,voice,2.25,1.04,6.93,0.33,4.89,2.03,5.89,1.56,702,784,338,237,101,15,3,10.69,2,4,p,voiced,fricative,1,0,0,1,0,0,0,1,0,0,0,0,0,493,,
VOLPE,fox,2.75,1.10,6.45,1.07,5.98,1.42,6.61,0.78,10,19,135,58,77,5,1,10.38,2,5,p,voiced,fricative,1,0,0,1,0,0,0,1,0,0,0,0,0,486,,
VULCANO,volcano,3.48,0.95,6.45,0.98,6.09,1.49,6.57,0.93,17,29,31,23,8,0,0,10.34,3,7,p,voiced,fricative,1,0,0,1,0,0,0,1,0,0,0,0,0,490,,
ZAMPA,paw,2.57,0.85,6.50,0.79,5.36,1.67,6.70,0.63,9,9,117,34,83,2,1,10.02,2,5,p,voiceless,affricate,0,0,0,0,1,0,0,0,0,1,0,0,0,527,,
ZANZARA,mosquito,2.36,0.84,6.66,0.81,6.09,1.27,6.70,0.73,3,10,10,9,1,2,0,10.34,3,7,p,voiceless,affricate,0,0,0,0,1,0,0,0,0,1,0,0,0,549,,
ZATTERA,raft,3.91,1.05,5.61,1.38,5.43,1.30,5.77,1.79,3,14,0,0,0,0,0,10.72,3,7,ap,voiceless,affricate,0,0,0,0,1,0,0,0,0,1,0,0,0,582,,
ZEBRA,zebra,2.70,0.93,6.27,1.15,5.93,1.21,6.77,0.94,2,2,12,5,7,0,0,9.51,2,5,p,voiced,affricate,1,0,0,0,1,0,0,0,0,1,0,0,0,556,,
ZINGARO,gypsy,3.93,1.53,6.02,1.27,5.14,1.68,4.55,1.84,6,10,14,7,7,2,0,10.23,3,7,ap,voiceless,affricate,0,0,0,0,1,0,0,0,0,1,0,0,0,568,,
ZONA,zone,4.50,1.13,6.27,1.06,3.23,1.70,3.50,1.66,151,574,138,98,40,150,2,10.19,2,4,p,voiced,affricate,1,0,0,0,1,0,0,0,0,1,0,0,0,547,,
ZUCCHERO,sugar,2.07,0.66,6.80,0.67,6.23,1.20,6.91,0.29,51,128,71,37,34,5,0,10.02,3,8,ap,voiceless,affricate,0,0,0,0,1,0,0,0,0,1,0,0,0,542,,
ZUFFA,brawl,5.23,1.38,4.80,1.80,4.00,1.95,4.43,1.91,1,2,0,0,0,0,2,8.81,2,5,p,voiceless,affricate,0,0,0,0,1,0,0,0,0,1,0,0,0,573,,
ZUPPA,soup,3.07,1.26,6.16,1.16,5.45,1.37,6.68,0.67,4,16,17,13,4,0,0,9.11,2,5,p,voiceless,affricate,0,0,0,0,1,0,0,0,0,1,0,0,0,577,,
